dt,account,province,group,total_outbound_count,black_outbound_count,total_pickup_count,black_pickup_count,total_pay_count,black_pay_count
2025-12-10,taoyirong999,湖南,未触发黑名单部分,69316,0,3089,0,0,0
2025-12-10,fenqile888,黑龙江,未触发黑名单部分,7647,0,164,0,0,0
2025-12-10,haihua888,湖北,未触发黑名单部分,14,0,0,0,0,0
2025-12-10,zhongandai999,广东,31,39286,39286,259,259,0,0
2025-12-10,xinyongfei666,云南,未触发黑名单部分,30963,0,2083,0,0,0
2025-12-10,meixin888,贵州,未触发黑名单部分,32659,0,1847,0,1,0
2025-12-10,jixianghua888,辽宁,未触发黑名单部分,231,0,4,0,0,0
2025-12-10,baotai10,陕西,31,6878,6878,50,50,0,0
2025-12-10,zhongandai999,福建,31,9380,9380,67,67,0,0
2025-12-10,kaishi01,江苏,31,1,1,0,0,0,0
2025-12-10,weiqianbao555,云南,未触发黑名单部分,199545,0,10430,0,0,0
2025-12-10,YSH,福建,31,5,5,0,0,0,0
2025-12-10,YSH,江西,31,0,0,0,0,0,0
2025-12-10,youqian888,陕西,31,8722,8722,30,30,0,0
2025-12-10,yuedaibao666,上海,未触发黑名单部分,9594,0,673,0,0,0
2025-12-10,haofenqi888,重庆,31,2040,2040,7,7,0,0
2025-12-10,taoyirong999,山西,未触发黑名单部分,23060,0,812,0,0,0
2025-12-10,weiqianbao888,江西,未触发黑名单部分,25091,0,1321,0,0,0
2025-12-10,weiqianbao661,天津,未触发黑名单部分,5039,0,290,0,0,0
2025-12-10,YSH,四川,未触发黑名单部分,17732,0,1093,0,0,0
2025-12-10,weiqianbao333,湖北,31,17534,17534,61,61,0,0
2025-12-10,haozhouzhuan888,西藏,未触发黑名单部分,0,0,0,0,0,0
2025-12-10,baotai18,安徽,31,147,147,6,6,0,0
2025-12-10,YSH,辽宁,31,0,0,0,0,0,0
2025-12-10,taoyirong666,广东,未触发黑名单部分,24910,0,1485,0,1,0
2025-12-10,langshun08,广西,31,1332,1332,7,7,0,0
2025-12-10,langshun08,内蒙古,31,506,506,4,4,0,0
2025-12-10,jiuwuhua888,黑龙江,未触发黑名单部分,16196,0,920,0,0,0
2025-12-10,haozhouzhuan888,黑龙江,未触发黑名单部分,69623,0,1371,0,0,0
2025-12-10,langshun08,广东,未触发黑名单部分,79421,0,7886,0,0,0
2025-12-10,xinyongfei666,四川,未触发黑名单部分,37028,0,2544,0,0,0
2025-12-10,youqian888,云南,31,4762,4762,13,13,0,0
2025-12-10,yuedaibao666,吉林,31,1346,1346,11,11,0,0
2025-12-10,yunshenghua888,湖南,31,45,45,0,0,0,0
2025-12-10,youqian888,福建,未触发黑名单部分,21298,0,1032,0,1,0
2025-12-10,YSH,青海,未触发黑名单部分,2,0,0,0,0,0
2025-12-10,baotai27,陕西,31,12871,12871,114,114,0,0
2025-12-10,weiqianbao661,广西,未触发黑名单部分,65107,0,3691,0,3,0
2025-12-10,shuxunda01,云南,未触发黑名单部分,10833,0,1444,0,0,0
2025-12-10,langshun06,湖南,未触发黑名单部分,45536,0,4492,0,2,0
2025-12-10,fenqile888,安徽,31,3908,3908,10,10,0,0
2025-12-10,haofenqi888,吉林,31,3047,3047,10,10,0,0
2025-12-10,jirong888,湖南,未触发黑名单部分,42417,0,2597,0,0,0
2025-12-10,jirong888,陕西,未触发黑名单部分,28029,0,1550,0,0,0
2025-12-10,weiqianbao333,天津,未触发黑名单部分,3771,0,119,0,0,0
2025-12-10,taoyirong666,宁夏,31,156,156,1,1,0,0
2025-12-10,weiqianbao333,安徽,31,13177,13177,48,48,0,0
2025-12-10,shuxunda01,重庆,未触发黑名单部分,3979,0,576,0,1,0
2025-12-10,shuxunda01,陕西,未触发黑名单部分,5228,0,680,0,0,0
2025-12-10,weiqianbao333,山西,31,13263,13263,49,49,0,0
2025-12-10,taoyirong999,安徽,未触发黑名单部分,50660,0,2046,0,0,0
2025-12-10,haofenqi888,甘肃,31,3814,3814,15,15,0,0
2025-12-10,jirong888,安徽,31,5941,5941,33,33,0,0
2025-12-10,meixin888,广西,未触发黑名单部分,40578,0,2254,0,2,0
2025-12-10,taoyirong666,安徽,31,1851,1851,3,3,0,0
2025-12-10,taoyirong999,福建,未触发黑名单部分,71358,0,2404,0,2,0
2025-12-10,taoyirong999,河南,未触发黑名单部分,85690,0,3356,0,0,0
2025-12-10,miduoduo888,安徽,31,59920,59920,221,221,0,0
2025-12-10,weiqianbao888,海南,未触发黑名单部分,14300,0,459,0,0,0
2025-12-10,haofenqi888,安徽,未触发黑名单部分,18,0,1,0,0,0
2025-12-10,taoyirong999,广东,31,66070,66070,141,141,0,0
2025-12-10,taoyirong666,四川,31,3022,3022,5,5,0,0
2025-12-10,YSH,河北,31,431,431,1,1,0,0
2025-12-10,jixianghua888,海南,未触发黑名单部分,0,0,0,0,0,0
2025-12-10,yuedaibao666,贵州,未触发黑名单部分,25594,0,1350,0,2,0
2025-12-10,jirong888,天津,未触发黑名单部分,8483,0,476,0,0,0
2025-12-10,meixin888,上海,未触发黑名单部分,5858,0,396,0,0,0
2025-12-10,baotai04,青海,未触发黑名单部分,1,0,1,0,0,0
2025-12-10,fenqile888,新疆,未触发黑名单部分,0,0,0,0,0,0
2025-12-10,langshun08,山东,31,2765,2765,9,9,0,0
2025-12-10,,福建,未触发黑名单部分,8,0,1,0,0,0
2025-12-10,weiqianbao888,浙江,31,15743,15743,86,86,0,0
2025-12-10,fenqile888,内蒙古,未触发黑名单部分,11623,0,246,0,0,0
2025-12-10,haozhouzhuan888,浙江,未触发黑名单部分,148695,0,5935,0,0,0
2025-12-10,jiuwuhua888,甘肃,未触发黑名单部分,25840,0,1448,0,0,0
2025-12-10,huirong888,江西,31,3031,3031,14,14,1,1
2025-12-10,langshun06,云南,31,1285,1285,3,3,0,0
2025-12-10,haozhouzhuan888,上海,未触发黑名单部分,28032,0,324,0,0,0
2025-12-10,xiaohuifu666,湖南,31,146,146,0,0,0,0
2025-12-10,baotai18,福建,31,62,62,6,6,0,0
2025-12-10,yunshenghua888,重庆,未触发黑名单部分,124475,0,8518,0,0,0
2025-12-10,jiuwuhua888,安徽,未触发黑名单部分,35221,0,2212,0,0,0
2025-12-10,shuxunda01,湖南,未触发黑名单部分,8969,0,1222,0,0,0
2025-12-10,,江苏,未触发黑名单部分,13,0,2,0,0,0
2025-12-10,baotai27,宁夏,31,718,718,11,11,0,0
2025-12-10,weiqianbao555,福建,31,56643,56643,181,181,0,0
2025-12-10,jixianghua888,江西,未触发黑名单部分,1167,0,48,0,0,0
2025-12-10,zhongandai666,广东,未触发黑名单部分,26333,0,2331,0,0,0
2025-12-10,baotai27,宁夏,未触发黑名单部分,36062,0,2704,0,4,0
2025-12-10,haofenqi888,天津,31,2377,2377,7,7,0,0
2025-12-10,jirong888,广东,31,12655,12655,56,56,0,0
2025-12-10,haofenqi888,辽宁,未触发黑名单部分,24038,0,580,0,0,0
2025-12-10,weiqianbao661,海南,未触发黑名单部分,16799,0,668,0,1,0
2025-12-10,zhongandai666,天津,31,343,343,2,2,0,0
2025-12-10,huirong888,内蒙古,未触发黑名单部分,71,0,0,0,0,0
2025-12-10,baotai52,宁夏,未触发黑名单部分,1399,0,182,0,0,0
2025-12-10,langshun08,安徽,未触发黑名单部分,15356,0,1055,0,0,0
2025-12-10,baotai10,天津,31,2480,2480,10,10,0,0
2025-12-10,haihua888,陕西,31,471,471,6,6,0,0
2025-12-10,zhongandai999,四川,未触发黑名单部分,158332,0,16414,0,0,0
2025-12-10,yinni999,未知,未触发黑名单部分,1500,0,154,0,0,0
2025-12-10,shuxunda01,江苏,31,802,802,3,3,0,0
2025-12-10,yuedaibao666,贵州,31,2687,2687,7,7,0,0
2025-12-10,fenqile888,青海,31,311,311,1,1,0,0
2025-12-10,fenqile888,浙江,未触发黑名单部分,16713,0,641,0,0,0
2025-12-10,zhongandai666,山西,31,1298,1298,12,12,0,0
2025-12-10,baotai18,江苏,未触发黑名单部分,10877,0,1453,0,0,0
2025-12-10,baotai52,吉林,未触发黑名单部分,2420,0,335,0,0,0
2025-12-10,haozhouzhuan888,海南,未触发黑名单部分,41,0,1,0,0,0
2025-12-10,,辽宁,31,0,0,0,0,0,0
2025-12-10,haofenqi888,新疆,未触发黑名单部分,0,0,0,0,0,0
2025-12-10,miduoduo888,福建,31,78100,78100,430,430,1,1
2025-12-10,haihua888,广西,31,0,0,0,0,0,0
2025-12-10,taoyirong999,四川,未触发黑名单部分,108752,0,4245,0,0,0
2025-12-10,yunshenghua888,山东,31,73698,73698,297,297,0,0
2025-12-10,baotai27,黑龙江,未触发黑名单部分,13,0,0,0,0,0
2025-12-10,baotai27,广西,未触发黑名单部分,282507,0,13858,0,33,0
2025-12-10,taoyirong999,四川,31,44844,44844,63,63,0,0
2025-12-10,weiqianbao555,山东,未触发黑名单部分,160169,0,7834,0,0,0
2025-12-10,baotai10,河南,未触发黑名单部分,114674,0,9259,0,0,0
2025-12-10,baotai10,山东,31,12293,12293,114,114,0,0
2025-12-10,miduoduo888,新疆,未触发黑名单部分,0,0,0,0,1,0
2025-12-10,kaishi01,黑龙江,未触发黑名单部分,1,0,0,0,0,0
2025-12-10,haozhouzhuan888,安徽,未触发黑名单部分,105174,0,2233,0,1,0
2025-12-10,weiqianbao333,浙江,未触发黑名单部分,27372,0,1462,0,2,0
2025-12-10,shuxunda01,江西,未触发黑名单部分,5101,0,704,0,0,0
2025-12-10,meixin888,吉林,未触发黑名单部分,8097,0,497,0,0,0
2025-12-10,haofenqi888,广西,未触发黑名单部分,19,0,2,0,0,0
2025-12-10,jiuwuhua888,重庆,未触发黑名单部分,17829,0,1202,0,1,0
2025-12-10,taoyirong999,安徽,31,16765,16765,36,36,0,0
2025-12-10,fenqile888,辽宁,31,2237,2237,11,11,0,0
2025-12-10,youqian888,安徽,31,890,890,3,3,0,0
2025-12-10,haihua888,吉林,未触发黑名单部分,7,0,0,0,0,0
2025-12-10,haozhouzhuan888,新疆,未触发黑名单部分,0,0,0,0,0,0
2025-12-10,weiqianbao661,浙江,未触发黑名单部分,47569,0,4811,0,3,0
2025-12-10,baotai27,山西,31,4126,4126,29,29,1,1
2025-12-10,baotai18,福建,未触发黑名单部分,2132,0,418,0,0,0
2025-12-10,baotai10,湖北,未触发黑名单部分,72033,0,5491,0,0,0
2025-12-10,weiqianbao555,河南,31,54750,54750,174,174,0,0
2025-12-10,miduoduo888,黑龙江,31,24372,24372,74,74,0,0
2025-12-10,haihua888,山西,31,213,213,0,0,0,0
2025-12-10,weiqianbao888,广西,未触发黑名单部分,54995,0,2581,0,0,0
2025-12-10,fenqile888,上海,未触发黑名单部分,6020,0,91,0,0,0
2025-12-10,jirong888,黑龙江,未触发黑名单部分,15946,0,853,0,0,0
2025-12-10,zhongandai999,陕西,未触发黑名单部分,94551,0,8626,0,2,0
2025-12-10,meixin888,云南,31,8636,8636,18,18,0,0
2025-12-10,meixin888,吉林,31,4064,4064,11,11,0,0
2025-12-10,haozhouzhuan888,云南,31,4,4,0,0,0,0
2025-12-10,haofenqi888,江苏,未触发黑名单部分,65153,0,1475,0,0,0
2025-12-10,zhongandai666,内蒙古,未触发黑名单部分,4150,0,398,0,0,0
2025-12-10,langshun08,辽宁,未触发黑名单部分,15,0,3,0,0,0
2025-12-10,YSH,黑龙江,31,1,1,0,0,0,0
2025-12-10,baotai18,甘肃,未触发黑名单部分,1217,0,180,0,0,0
2025-12-10,weiqianbao333,宁夏,31,2753,2753,11,11,0,0
2025-12-10,fenqile888,吉林,31,2115,2115,7,7,0,0
2025-12-10,haofenqi888,福建,未触发黑名单部分,36920,0,825,0,0,0
2025-12-10,meixin888,山东,31,14006,14006,16,16,0,0
2025-12-10,zhongandai666,黑龙江,未触发黑名单部分,215,0,17,0,0,0
2025-12-10,yunshenghua888,内蒙古,未触发黑名单部分,18376,0,1182,0,1,0
2025-12-10,jirong888,山东,31,9514,9514,38,38,0,0
2025-12-10,meixin888,黑龙江,31,3885,3885,11,11,0,0
2025-12-10,yunshenghua888,山东,未触发黑名单部分,203529,0,9469,0,0,0
2025-12-10,shuxunda01,上海,未触发黑名单部分,3339,0,361,0,0,0
2025-12-10,fenqile888,天津,未触发黑名单部分,213,0,4,0,0,0
2025-12-10,haofenqi888,贵州,未触发黑名单部分,8,0,1,0,0,0
2025-12-10,huirong888,云南,31,4451,4451,33,33,0,0
2025-12-10,langshun08,宁夏,未触发黑名单部分,3221,0,236,0,0,0
2025-12-10,kaishi01,湖南,未触发黑名单部分,5,0,2,0,0,0
2025-12-10,weiqianbao555,广东,31,144251,144251,291,291,0,0
2025-12-10,weiqianbao661,青海,31,1353,1353,7,7,0,0
2025-12-10,huirong888,山东,未触发黑名单部分,10074,0,776,0,0,0
2025-12-10,weiqianbao333,云南,未触发黑名单部分,37686,0,1496,0,0,0
2025-12-10,langshun08,浙江,31,3668,3668,31,31,0,0
2025-12-10,baotai10,云南,31,2086,2086,25,25,0,0
2025-12-10,miduoduo888,湖北,未触发黑名单部分,175883,0,8049,0,3,0
2025-12-10,baotai18,青海,31,1,1,0,0,0,0
2025-12-10,huirong888,安徽,31,3950,3950,12,12,0,0
2025-12-10,youqian888,天津,未触发黑名单部分,5673,0,305,0,0,0
2025-12-10,jixianghua888,贵州,未触发黑名单部分,853,0,17,0,0,0
2025-12-10,taoyirong666,黑龙江,31,1358,1358,0,0,0,0
2025-12-10,yuedaibao999,湖南,未触发黑名单部分,157915,0,10488,0,0,0
2025-12-10,baotai52,福建,未触发黑名单部分,5230,0,653,0,0,0
2025-12-10,taoyirong999,河南,31,27386,27386,44,44,0,0
2025-12-10,zhongandai666,湖南,未触发黑名单部分,8043,0,631,0,0,0
2025-12-10,youqian888,甘肃,31,503,503,3,3,0,0
2025-12-10,YSH,内蒙古,31,155,155,1,1,0,0
2025-12-10,haozhouzhuan888,吉林,未触发黑名单部分,61552,0,1350,0,0,0
2025-12-10,haofenqi888,内蒙古,31,5219,5219,33,33,0,0
2025-12-10,yuedaibao666,四川,31,3836,3836,24,24,0,0
2025-12-10,weiqianbao555,内蒙古,31,9631,9631,50,50,0,0
2025-12-10,,河南,31,0,0,0,0,0,0
2025-12-10,weiqianbao888,湖南,31,22485,22485,100,100,0,0
2025-12-10,haofenqi888,河南,未触发黑名单部分,68450,0,1302,0,0,0
2025-12-10,xiaohuifu666,重庆,未触发黑名单部分,3959,0,519,0,0,0
2025-12-10,zhongandai666,云南,未触发黑名单部分,1947,0,211,0,0,0
2025-12-10,haihua888,河南,31,4,4,0,0,0,0
2025-12-10,weiqianbao333,辽宁,31,6032,6032,19,19,0,0
2025-12-10,jiuwuhua888,宁夏,31,1752,1752,10,10,0,0
2025-12-10,youqian888,新疆,未触发黑名单部分,0,0,0,0,0,0
2025-12-10,jixianghua888,重庆,31,1079,1079,5,5,0,0
2025-12-10,yunshenghua888,广西,未触发黑名单部分,52,0,5,0,0,0
2025-12-10,,河北,31,0,0,0,0,0,0
2025-12-10,zhongandai999,浙江,未触发黑名单部分,187882,0,22573,0,2,0
2025-12-10,youqian888,河南,31,5411,5411,26,26,0,0
2025-12-10,baotai18,甘肃,31,44,44,5,5,0,0
2025-12-10,taoyirong666,天津,未触发黑名单部分,2542,0,118,0,0,0
2025-12-10,weiqianbao555,陕西,未触发黑名单部分,126693,0,6149,0,0,0
2025-12-10,fenqile888,河南,31,7071,7071,19,19,0,0
2025-12-10,yuedaibao999,新疆,未触发黑名单部分,0,0,0,0,0,0
2025-12-10,baotai52,浙江,未触发黑名单部分,9214,0,1479,0,0,0
2025-12-10,meixin888,重庆,31,4420,4420,5,5,0,0
2025-12-10,zhongandai666,四川,31,2104,2104,18,18,0,0
2025-12-10,fenqile888,西藏,未触发黑名单部分,0,0,0,0,0,0
2025-12-10,baotai27,贵州,31,6862,6862,60,60,1,1
2025-12-10,huirong888,湖北,未触发黑名单部分,12224,0,695,0,1,0
2025-12-10,weiqianbao555,吉林,未触发黑名单部分,38519,0,2008,0,0,0
2025-12-10,yuedaibao666,海南,31,1725,1725,2,2,0,0
2025-12-10,YSH,山东,31,7,7,0,0,0,0
2025-12-10,baotai27,吉林,未触发黑名单部分,107349,0,9411,0,19,0
2025-12-10,baotai27,山东,未触发黑名单部分,130916,0,8534,0,14,0
2025-12-10,weiqianbao333,陕西,未触发黑名单部分,24954,0,928,0,0,0
2025-12-10,fenqile888,陕西,未触发黑名单部分,14467,0,307,0,0,0
2025-12-10,jiuwuhua888,四川,31,11475,11475,40,40,0,0
2025-12-10,jixianghua888,湖南,31,919,919,0,0,0,0
2025-12-10,,四川,未触发黑名单部分,6,0,2,0,0,0
2025-12-10,langshun06,河南,未触发黑名单部分,32035,0,2335,0,0,0
2025-12-10,yuedaibao999,甘肃,未触发黑名单部分,77064,0,5042,0,2,0
2025-12-10,haofenqi888,江西,31,4508,4508,30,30,0,0
2025-12-10,yuedaibao999,浙江,31,70868,70868,315,315,0,0
2025-12-10,huirong888,云南,未触发黑名单部分,9373,0,597,0,0,0
2025-12-10,weiqianbao333,黑龙江,31,5472,5472,17,17,0,0
2025-12-10,baotai04,宁夏,未触发黑名单部分,3,0,0,0,0,0
2025-12-10,weiqianbao333,湖北,未触发黑名单部分,25282,0,987,0,0,0
2025-12-10,langshun06,甘肃,未触发黑名单部分,13514,0,877,0,0,0
2025-12-10,weiqianbao555,山东,31,73772,73772,214,214,0,0
2025-12-10,yuedaibao666,江西,未触发黑名单部分,19616,0,1299,0,0,0
2025-12-10,taoyirong999,湖北,未触发黑名单部分,69346,0,2217,0,1,0
2025-12-10,weiqianbao555,四川,31,81009,81009,283,283,0,0
2025-12-10,yuedaibao999,陕西,31,77673,77673,344,344,0,0
2025-12-10,yuedaibao999,宁夏,31,5106,5106,34,34,0,0
2025-12-10,meixin888,内蒙古,31,4,4,0,0,0,0
2025-12-10,weiqianbao661,云南,未触发黑名单部分,48706,0,3215,0,1,0
2025-12-10,xinyongfei666,安徽,未触发黑名单部分,30597,0,2491,0,0,0
2025-12-10,langshun06,青海,31,359,359,2,2,0,0
2025-12-10,jixianghua888,黑龙江,未触发黑名单部分,4,0,0,0,0,0
2025-12-10,zhongandai999,天津,31,5489,5489,31,31,0,0
2025-12-10,weiqianbao888,天津,未触发黑名单部分,4677,0,201,0,0,0
2025-12-10,baotai27,海南,31,2198,2198,28,28,1,1
2025-12-10,jiuwuhua888,天津,未触发黑名单部分,6088,0,330,0,0,0
2025-12-10,taoyirong666,湖南,31,2914,2914,6,6,0,0
2025-12-10,fenqile888,海南,未触发黑名单部分,5921,0,196,0,1,0
2025-12-10,weiqianbao661,天津,31,3525,3525,13,13,0,0
2025-12-10,jixianghua888,宁夏,未触发黑名单部分,0,0,0,0,0,0
2025-12-10,weiqianbao661,湖北,未触发黑名单部分,35351,0,2163,0,2,0
2025-12-10,,河北,未触发黑名单部分,1,0,0,0,0,0
2025-12-10,shuxunda01,广东,31,2308,2308,16,16,0,0
2025-12-10,shuxunda01,山西,31,409,409,3,3,0,0
2025-12-10,baotai18,河南,31,200,200,11,11,0,0
2025-12-10,xinyongfei666,甘肃,31,808,808,9,9,0,0
2025-12-10,zhongandai666,安徽,未触发黑名单部分,6245,0,811,0,0,0
2025-12-10,jiuwuhua888,山西,未触发黑名单部分,40155,0,1988,0,0,0
2025-12-10,langshun08,青海,未触发黑名单部分,3318,0,236,0,0,0
2025-12-10,shuxunda01,甘肃,未触发黑名单部分,4605,0,550,0,0,0
2025-12-10,weiqianbao333,河南,31,21447,21447,86,86,0,0
2025-12-10,taoyirong999,贵州,31,20310,20310,29,29,0,0
2025-12-10,jirong888,云南,31,1461,1461,4,4,0,0
2025-12-10,youqian888,辽宁,未触发黑名单部分,6797,0,459,0,0,0
2025-12-10,langshun08,青海,31,173,173,1,1,0,0
2025-12-10,weiqianbao333,福建,未触发黑名单部分,28247,0,1110,0,1,0
2025-12-10,langshun08,上海,未触发黑名单部分,21684,0,1003,0,0,0
2025-12-10,zhongandai999,安徽,31,15154,15154,124,124,0,0
2025-12-10,haihua888,上海,31,1754,1754,7,7,0,0
2025-12-10,taoyirong666,甘肃,31,333,333,0,0,0,0
2025-12-10,taoyirong999,青海,未触发黑名单部分,2,0,1,0,0,0
2025-12-10,langshun06,辽宁,未触发黑名单部分,13844,0,1020,0,0,0
2025-12-10,miduoduo888,吉林,未触发黑名单部分,57612,0,2925,0,0,0
2025-12-10,youqian888,浙江,未触发黑名单部分,37535,0,3095,0,2,0
2025-12-10,baotai18,广西,未触发黑名单部分,221,0,37,0,0,0
2025-12-10,yuedaibao666,江苏,未触发黑名单部分,29508,0,1885,0,0,0
2025-12-10,baotai27,河北,未触发黑名单部分,582,0,0,0,0,0
2025-12-10,yuedaibao999,西藏,未触发黑名单部分,0,0,0,0,0,0
2025-12-10,baotai04,福建,未触发黑名单部分,7,0,0,0,0,0
2025-12-10,huirong888,湖南,31,9415,9415,37,37,0,0
2025-12-10,haihua888,河北,未触发黑名单部分,21,0,0,0,0,0
2025-12-10,langshun06,北京,未触发黑名单部分,0,0,0,0,0,0
2025-12-10,xiaohuifu666,海南,31,0,0,0,0,0,0
2025-12-10,shuxunda01,贵州,31,665,665,4,4,0,0
2025-12-10,taoyirong999,陕西,31,31981,31981,45,45,0,0
2025-12-10,miduoduo888,重庆,未触发黑名单部分,76493,0,4123,0,1,0
2025-12-10,haofenqi888,广东,未触发黑名单部分,103666,0,2371,0,0,0
2025-12-10,weiqianbao555,黑龙江,未触发黑名单部分,25181,0,1401,0,0,0
2025-12-10,fenqile888,青海,未触发黑名单部分,4158,0,151,0,0,0
2025-12-10,yuedaibao999,重庆,31,32619,32619,119,119,0,0
2025-12-10,taoyirong666,内蒙古,31,2,2,0,0,0,0
2025-12-10,jiuwuhua888,浙江,31,6252,6252,26,26,1,1
2025-12-10,fenqile888,河北,未触发黑名单部分,25340,0,614,0,0,0
2025-12-10,haihua888,陕西,未触发黑名单部分,3030,0,459,0,2,0
2025-12-10,youqian888,上海,未触发黑名单部分,12465,0,537,0,0,0
2025-12-10,haihua888,四川,未触发黑名单部分,1413,0,270,0,0,0
2025-12-10,xinyongfei666,辽宁,31,1473,1473,9,9,0,0
2025-12-10,jixianghua888,上海,31,1008,1008,0,0,0,0
2025-12-10,xiaohuifu666,浙江,31,195,195,0,0,0,0
2025-12-10,,河南,未触发黑名单部分,6,0,1,0,0,0
2025-12-10,baotai52,云南,未触发黑名单部分,5062,0,659,0,0,0
2025-12-10,baotai10,辽宁,未触发黑名单部分,43285,0,4146,0,0,0
2025-12-10,haozhouzhuan888,上海,31,61299,61299,105,105,0,0
2025-12-10,baotai18,江西,未触发黑名单部分,2887,0,486,0,0,0
2025-12-10,zhongandai999,内蒙古,未触发黑名单部分,65944,0,6360,0,0,0
2025-12-10,xiaohuifu666,甘肃,未触发黑名单部分,3622,0,220,0,0,0
2025-12-10,yuedaibao999,山西,31,59562,59562,325,325,0,0
2025-12-10,baotai10,贵州,未触发黑名单部分,30468,0,2922,0,0,0
2025-12-10,jirong888,河南,31,10229,10229,43,43,0,0
2025-12-10,xinyongfei666,福建,未触发黑名单部分,2350,0,139,0,0,0
2025-12-10,baotai18,天津,31,41,41,0,0,0,0
2025-12-10,haihua888,吉林,31,1,1,0,0,0,0
2025-12-10,baotai04,贵州,未触发黑名单部分,3,0,0,0,0,0
2025-12-10,baotai27,江西,未触发黑名单部分,399238,0,25774,0,58,0
2025-12-10,weiqianbao333,贵州,31,22942,22942,50,50,1,1
2025-12-10,baotai04,海南,31,1,1,0,0,0,0
2025-12-10,jixianghua888,辽宁,31,254,254,0,0,0,0
2025-12-10,weiqianbao661,浙江,31,15986,15986,79,79,0,0
2025-12-10,fenqile888,江苏,31,6342,6342,17,17,0,0
2025-12-10,langshun08,甘肃,未触发黑名单部分,3896,0,322,0,0,0
2025-12-10,yuedaibao666,天津,31,651,651,4,4,0,0
2025-12-10,taoyirong999,辽宁,未触发黑名单部分,21945,0,745,0,0,0
2025-12-10,YSH,江苏,未触发黑名单部分,13517,0,803,0,1,0
2025-12-10,shuxunda01,甘肃,31,348,348,0,0,0,0
2025-12-10,baotai18,青海,未触发黑名单部分,67,0,14,0,0,0
2025-12-10,haozhouzhuan888,贵州,未触发黑名单部分,146253,0,2348,0,0,0
2025-12-10,zhongandai999,甘肃,未触发黑名单部分,44331,0,4292,0,0,0
2025-12-10,langshun08,河南,31,1212,1212,5,5,0,0
2025-12-10,miduoduo888,安徽,未触发黑名单部分,130237,0,7778,0,1,0
2025-12-10,weiqianbao888,河南,31,18806,18806,102,102,0,0
2025-12-10,xinyongfei666,河北,31,3827,3827,24,24,0,0
2025-12-10,meixin888,江苏,31,13564,13564,28,28,0,0
2025-12-10,yuedaibao666,山西,未触发黑名单部分,30077,0,1851,0,0,0
2025-12-10,YSH,安徽,31,472,472,0,0,0,0
2025-12-10,yuedaibao999,青海,未触发黑名单部分,13,0,3,0,0,0
2025-12-10,youqian888,宁夏,未触发黑名单部分,0,0,0,0,0,0
2025-12-10,,重庆,未触发黑名单部分,0,0,0,0,0,0
2025-12-10,miduoduo888,广东,31,280250,280250,790,790,0,0
2025-12-10,taoyirong666,河南,未触发黑名单部分,19576,0,1014,0,2,0
2025-12-10,yuedaibao666,浙江,31,2694,2694,19,19,0,0
2025-12-10,zhongandai666,福建,未触发黑名单部分,5445,0,439,0,0,0
2025-12-10,xiaohuifu666,广东,31,278,278,0,0,0,0
2025-12-10,youqian888,内蒙古,31,2,2,0,0,0,0
2025-12-10,zhongandai999,河南,未触发黑名单部分,203691,0,21347,0,1,0
2025-12-10,baotai10,甘肃,31,3083,3083,33,33,0,0
2025-12-10,weiqianbao888,浙江,未触发黑名单部分,28801,0,2023,0,2,0
2025-12-10,YSH,天津,31,698,698,3,3,0,0
2025-12-10,jirong888,山西,未触发黑名单部分,12628,0,481,0,0,0
2025-12-10,weiqianbao661,上海,未触发黑名单部分,8946,0,567,0,0,0
2025-12-10,langshun08,贵州,未触发黑名单部分,15852,0,683,0,1,0
2025-12-10,baotai04,四川,未触发黑名单部分,9,0,2,0,0,0
2025-12-10,,青海,未触发黑名单部分,0,0,0,0,0,0
2025-12-10,weiqianbao661,内蒙古,31,5583,5583,24,24,0,0
2025-12-10,haofenqi888,四川,31,11674,11674,61,61,1,1
2025-12-10,haihua888,山西,未触发黑名单部分,1618,0,187,0,0,0
2025-12-10,yuedaibao666,陕西,31,2054,2054,12,12,0,0
2025-12-10,baotai18,广东,31,196,196,20,20,0,0
2025-12-10,baotai18,湖南,31,24,24,3,3,0,0
2025-12-10,youqian888,湖南,31,1433,1433,4,4,0,0
2025-12-10,langshun06,辽宁,31,1647,1647,2,2,0,0
2025-12-10,fenqile888,吉林,未触发黑名单部分,8187,0,175,0,0,0
2025-12-10,haozhouzhuan888,江西,31,46521,46521,157,157,1,1
2025-12-10,langshun08,广东,31,5245,5245,24,24,0,0
2025-12-10,yunshenghua888,宁夏,未触发黑名单部分,9,0,0,0,0,0
2025-12-10,jiuwuhua888,福建,未触发黑名单部分,42791,0,2189,0,0,0
2025-12-10,baotai52,湖北,31,511,511,3,3,0,0
2025-12-10,YSH,河南,31,8,8,0,0,0,0
2025-12-10,baotai04,陕西,未触发黑名单部分,10,0,2,0,0,0
2025-12-10,YSH,上海,31,3237,3237,9,9,0,0
2025-12-10,YSH,山西,31,570,570,1,1,0,0
2025-12-10,zhongandai999,四川,31,24041,24041,192,192,0,0
2025-12-10,langshun06,宁夏,未触发黑名单部分,6494,0,529,0,0,0
2025-12-10,yuedaibao666,山西,31,4086,4086,27,27,0,0
2025-12-10,baotai04,四川,31,0,0,0,0,0,0
2025-12-10,baotai10,浙江,31,6605,6605,77,77,0,0
2025-12-10,meixin888,浙江,31,8829,8829,14,14,0,0
2025-12-10,,天津,未触发黑名单部分,1,0,0,0,0,0
2025-12-10,langshun08,陕西,未触发黑名单部分,19412,0,1253,0,1,0
2025-12-10,baotai52,山西,未触发黑名单部分,5617,0,542,0,0,0
2025-12-10,youqian888,江西,未触发黑名单部分,1,0,0,0,0,0
2025-12-10,baotai52,云南,31,171,171,2,2,0,0
2025-12-10,youqian888,福建,31,9781,9781,60,60,0,0
2025-12-10,baotai10,安徽,未触发黑名单部分,67078,0,6996,0,0,0
2025-12-10,yuedaibao666,重庆,31,1292,1292,7,7,0,0
2025-12-10,YSH,吉林,未触发黑名单部分,33,0,0,0,0,0
2025-12-10,miduoduo888,湖南,未触发黑名单部分,304900,0,16693,0,1,0
2025-12-10,baotai04,浙江,未触发黑名单部分,12,0,3,0,0,0
2025-12-10,weiqianbao661,宁夏,31,2856,2856,16,16,0,0
2025-12-10,jiuwuhua888,云南,31,9666,9666,40,40,0,0
2025-12-10,weiqianbao661,福建,未触发黑名单部分,33863,0,2221,0,0,0
2025-12-10,meixin888,辽宁,31,4831,4831,17,17,0,0
2025-12-10,huirong888,四川,31,16343,16343,75,75,0,0
2025-12-10,miduoduo888,宁夏,31,7380,7380,40,40,0,0
2025-12-10,,黑龙江,未触发黑名单部分,2,0,0,0,0,0
2025-12-10,haozhouzhuan888,福建,31,96356,96356,348,348,1,1
2025-12-10,jiuwuhua888,青海,31,1258,1258,6,6,0,0
2025-12-10,yuedaibao999,甘肃,31,23920,23920,134,134,0,0
2025-12-10,jixianghua888,安徽,31,476,476,3,3,0,0
2025-12-10,YSH,广东,31,10,10,0,0,0,0
2025-12-10,yunshenghua888,辽宁,未触发黑名单部分,35283,0,2243,0,0,0
2025-12-10,baotai18,云南,未触发黑名单部分,2453,0,480,0,0,0
2025-12-10,haihua888,天津,31,670,670,5,5,0,0
2025-12-10,meixin888,海南,未触发黑名单部分,11965,0,550,0,0,0
2025-12-10,baotai10,吉林,31,2798,2798,20,20,0,0
2025-12-10,yuedaibao666,四川,未触发黑名单部分,26698,0,1790,0,1,0
2025-12-10,jiuwuhua888,江西,31,6390,6390,22,22,0,0
2025-12-10,weiqianbao661,四川,31,23789,23789,100,100,0,0
2025-12-10,shuxunda01,山东,未触发黑名单部分,7348,0,836,0,0,0
2025-12-10,langshun06,湖北,31,3659,3659,8,8,0,0
2025-12-10,yuedaibao999,河南,未触发黑名单部分,157976,0,9825,0,1,0
2025-12-10,baotai52,天津,未触发黑名单部分,1518,0,189,0,0,0
2025-12-10,taoyirong666,江苏,未触发黑名单部分,9307,0,446,0,0,0
2025-12-10,jiuwuhua888,山西,31,6856,6856,20,20,0,0
2025-12-10,langshun06,宁夏,31,349,349,2,2,0,0
2025-12-10,baotai27,青海,未触发黑名单部分,37652,0,3206,0,3,0
2025-12-10,xinyongfei666,内蒙古,31,1374,1374,5,5,0,0
2025-12-10,,江西,未触发黑名单部分,16,0,0,0,0,0
2025-12-10,xinyongfei666,黑龙江,未触发黑名单部分,14557,0,1051,0,0,0
2025-12-10,langshun06,福建,未触发黑名单部分,12605,0,987,0,1,0
2025-12-10,jirong888,贵州,未触发黑名单部分,15606,0,614,0,0,0
2025-12-10,weiqianbao333,陕西,31,22045,22045,51,51,0,0
2025-12-10,langshun06,吉林,未触发黑名单部分,11466,0,780,0,0,0
2025-12-10,YSH,福建,未触发黑名单部分,12,0,1,0,0,0
2025-12-10,yunshenghua888,西藏,未触发黑名单部分,0,0,0,0,0,0
2025-12-10,taoyirong999,山东,31,27847,27847,46,46,0,0
2025-12-10,miduoduo888,河北,31,89718,89718,321,321,0,0
2025-12-10,haofenqi888,四川,未触发黑名单部分,49352,0,1499,0,0,0
2025-12-10,taoyirong666,四川,未触发黑名单部分,6384,0,339,0,0,0
2025-12-10,haozhouzhuan888,海南,31,3,3,0,0,0,0
2025-12-10,,山东,未触发黑名单部分,8,0,1,0,0,0
2025-12-10,yunshenghua888,甘肃,31,0,0,0,0,0,0
2025-12-10,miduoduo888,上海,未触发黑名单部分,44920,0,1853,0,0,0
2025-12-10,baotai52,海南,未触发黑名单部分,301,0,59,0,0,0
2025-12-10,baotai10,青海,31,135,135,1,1,0,0
2025-12-10,miduoduo888,山西,31,74663,74663,320,320,0,0
2025-12-10,weiqianbao888,吉林,未触发黑名单部分,9673,0,479,0,0,0
2025-12-10,youqian888,安徽,未触发黑名单部分,2252,0,142,0,0,0
2025-12-10,weiqianbao333,江西,31,10960,10960,34,34,0,0
2025-12-10,taoyirong666,辽宁,未触发黑名单部分,4846,0,300,0,0,0
2025-12-10,jirong888,广东,未触发黑名单部分,95890,0,6518,0,0,0
2025-12-10,fenqile888,山西,未触发黑名单部分,13977,0,264,0,0,0
2025-12-10,langshun06,新疆,未触发黑名单部分,0,0,0,0,0,0
2025-12-10,huirong888,贵州,未触发黑名单部分,18563,0,720,0,0,0
2025-12-10,zhongandai666,云南,31,273,273,3,3,0,0
2025-12-10,haozhouzhuan888,福建,未触发黑名单部分,166547,0,3246,0,0,0
2025-12-10,xiaohuifu666,安徽,未触发黑名单部分,6272,0,688,0,0,0
2025-12-10,taoyirong999,甘肃,未触发黑名单部分,17883,0,714,0,0,0
2025-12-10,langshun06,黑龙江,未触发黑名单部分,10777,0,721,0,0,0
2025-12-10,youqian888,天津,31,3712,3712,9,9,0,0
2025-12-10,yunshenghua888,福建,31,15,15,0,0,0,0
2025-12-10,miduoduo888,福建,未触发黑名单部分,178214,0,8687,0,3,0
2025-12-10,jiuwuhua888,河南,未触发黑名单部分,63634,0,3935,0,2,0
2025-12-10,kaishi01,吉林,未触发黑名单部分,1,0,0,0,0,0
2025-12-10,haofenqi888,湖南,未触发黑名单部分,35445,0,981,0,0,0
2025-12-10,yuedaibao999,山东,未触发黑名单部分,148341,0,8744,0,0,0
2025-12-10,zhongandai999,贵州,未触发黑名单部分,6,0,0,0,0,0
2025-12-10,weiqianbao555,吉林,31,15783,15783,44,44,0,0
2025-12-10,taoyirong666,甘肃,未触发黑名单部分,635,0,40,0,0,0
2025-12-10,xiaohuifu666,天津,31,31,31,0,0,0,0
2025-12-10,yuedaibao666,河北,31,3774,3774,26,26,0,0
2025-12-10,baotai27,广西,31,8077,8077,96,96,0,0
2025-12-10,langshun08,湖北,31,1923,1923,8,8,0,0
2025-12-10,yunshenghua888,广西,31,7,7,0,0,0,0
2025-12-10,baotai10,湖北,31,8062,8062,59,59,0,0
2025-12-10,xiaohuifu666,山东,未触发黑名单部分,10620,0,760,0,0,0
2025-12-10,weiqianbao333,海南,31,8621,8621,19,19,0,0
2025-12-10,,海南,未触发黑名单部分,1,0,0,0,0,0
2025-12-10,miduoduo888,陕西,未触发黑名单部分,197621,0,9059,0,3,0
2025-12-10,YSH,江苏,31,691,691,4,4,0,0
2025-12-10,langshun08,广西,未触发黑名单部分,12807,0,801,0,0,0
2025-12-10,haozhouzhuan888,四川,31,165359,165359,480,480,0,0
2025-12-10,jirong888,河北,未触发黑名单部分,41530,0,2258,0,0,0
2025-12-10,meixin888,安徽,31,7817,7817,18,18,0,0
2025-12-10,yunshenghua888,江西,未触发黑名单部分,36,0,1,0,0,0
2025-12-10,miduoduo888,四川,31,111499,111499,318,318,0,0
2025-12-10,baotai10,广西,未触发黑名单部分,19534,0,1672,0,0,0
2025-12-10,jixianghua888,陕西,31,768,768,1,1,0,0
2025-12-10,shuxunda01,海南,31,441,441,1,1,0,0
2025-12-10,huirong888,天津,31,2,2,0,0,0,0
2025-12-10,langshun06,青海,未触发黑名单部分,5904,0,428,0,0,0
2025-12-10,meixin888,海南,31,3055,3055,4,4,1,1
2025-12-10,shuxunda01,湖北,31,462,462,1,1,0,0
2025-12-10,haihua888,四川,31,139,139,0,0,0,0
2025-12-10,youqian888,上海,31,8253,8253,20,20,0,0
2025-12-10,baotai04,吉林,31,0,0,0,0,0,0
2025-12-10,yunshenghua888,上海,未触发黑名单部分,112560,0,4219,0,0,0
2025-12-10,xinyongfei666,江苏,31,5958,5958,42,42,0,0
2025-12-10,baotai10,湖南,31,6706,6706,60,60,0,0
2025-12-10,jixianghua888,广东,未触发黑名单部分,6378,0,196,0,0,0
2025-12-10,shuxunda01,黑龙江,31,192,192,2,2,0,0
2025-12-10,kaishi01,四川,未触发黑名单部分,5,0,1,0,0,0
2025-12-10,weiqianbao555,青海,未触发黑名单部分,20109,0,1200,0,0,0
2025-12-10,zhongandai999,内蒙古,31,8716,8716,79,79,0,0
2025-12-10,meixin888,安徽,未触发黑名单部分,15436,0,1153,0,0,0
2025-12-10,shuxunda01,云南,31,563,563,4,4,0,0
2025-12-10,huirong888,河北,31,8336,8336,55,55,0,0
2025-12-10,YSH,河北,未触发黑名单部分,8625,0,546,0,0,0
2025-12-10,weiqianbao555,甘肃,31,21571,21571,90,90,0,0
2025-12-10,baotai52,江西,31,314,314,0,0,0,0
2025-12-10,YSH,黑龙江,未触发黑名单部分,47,0,0,0,0,0
2025-12-10,1445,移动,未触发黑名单部分,1,0,1,0,0,0
2025-12-10,langshun08,天津,未触发黑名单部分,9922,0,565,0,0,0
2025-12-10,shuxunda01,宁夏,未触发黑名单部分,3097,0,406,0,0,0
2025-12-10,xiaohuifu666,天津,未触发黑名单部分,1228,0,95,0,0,0
2025-12-10,baotai27,广东,未触发黑名单部分,191715,0,12659,0,24,0
2025-12-10,haihua888,江苏,31,619,619,6,6,0,0
2025-12-10,kaishi01,山东,未触发黑名单部分,9,0,1,0,0,0
2025-12-10,zhongandai999,云南,未触发黑名单部分,25710,0,2876,0,0,0
2025-12-10,huirong888,福建,未触发黑名单部分,24738,0,1519,0,1,0
2025-12-10,baotai10,山西,31,7821,7821,72,72,0,0
2025-12-10,baotai52,辽宁,31,219,219,2,2,0,0
2025-12-10,zhongandai999,山西,31,17253,17253,124,124,0,0
2025-12-10,baotai27,江苏,未触发黑名单部分,651596,0,44321,0,80,0
2025-12-10,xiaohuifu666,河南,31,239,239,0,0,0,0
2025-12-10,weiqianbao555,安徽,未触发黑名单部分,95562,0,4837,0,0,0
2025-12-10,weiqianbao888,福建,未触发黑名单部分,29149,0,1699,0,0,0
2025-12-10,meixin888,青海,未触发黑名单部分,4,0,0,0,0,0
2025-12-10,zhongandai999,湖北,31,18635,18635,136,136,0,0
2025-12-10,baotai10,山东,未触发黑名单部分,120514,0,9872,0,0,0
2025-12-10,haofenqi888,福建,31,6922,6922,24,24,0,0
2025-12-10,langshun06,安徽,未触发黑名单部分,31373,0,2419,0,0,0
2025-12-10,haofenqi888,宁夏,31,1286,1286,2,2,0,0
2025-12-10,haozhouzhuan888,山东,未触发黑名单部分,214029,0,4269,0,0,0
2025-12-10,huirong888,江西,未触发黑名单部分,4467,0,295,0,0,0
2025-12-10,,吉林,未触发黑名单部分,0,0,0,0,0,0
2025-12-10,weiqianbao333,河北,未触发黑名单部分,28151,0,1084,0,0,0
2025-12-10,weiqianbao333,重庆,未触发黑名单部分,10947,0,450,0,0,0
2025-12-10,shuxunda01,湖南,31,702,702,4,4,0,0
2025-12-10,weiqianbao333,江苏,未触发黑名单部分,30908,0,1132,0,0,0
2025-12-10,baotai52,重庆,未触发黑名单部分,4381,0,896,0,0,0
2025-12-10,shuxunda01,陕西,31,529,529,1,1,0,0
2025-12-10,xinyongfei666,山东,31,4128,4128,30,30,0,0
2025-12-10,jiuwuhua888,吉林,31,2554,2554,9,9,0,0
2025-12-10,jiuwuhua888,江苏,31,8273,8273,30,30,0,0
2025-12-10,baotai10,上海,31,5578,5578,29,29,0,0
2025-12-10,baotai18,山西,31,118,118,7,7,0,0
2025-12-10,kaishi01,贵州,未触发黑名单部分,0,0,0,0,0,0
2025-12-10,haihua888,甘肃,未触发黑名单部分,1,0,0,0,0,0
2025-12-10,haihua888,山东,未触发黑名单部分,2690,0,279,0,0,0
2025-12-10,miduoduo888,贵州,31,73301,73301,213,213,1,1
2025-12-10,haihua888,浙江,31,589,589,4,4,0,0
2025-12-10,taoyirong666,青海,未触发黑名单部分,4,0,0,0,0,0
2025-12-10,weiqianbao661,吉林,未触发黑名单部分,12245,0,751,0,0,0
2025-12-10,shuxunda01,天津,未触发黑名单部分,1303,0,180,0,0,0
2025-12-10,xinyongfei666,重庆,未触发黑名单部分,15562,0,1420,0,0,0
2025-12-10,jiuwuhua888,湖北,31,8101,8101,28,28,0,0
2025-12-10,taoyirong666,陕西,31,3067,3067,4,4,0,0
2025-12-10,YSH,浙江,31,712,712,1,1,0,0
2025-12-10,haofenqi888,云南,未触发黑名单部分,30241,0,810,0,0,0
2025-12-10,shuxunda01,海南,未触发黑名单部分,5752,0,655,0,0,0
2025-12-10,baotai04,内蒙古,31,2,2,0,0,0,0
2025-12-10,haihua888,海南,未触发黑名单部分,1,0,0,0,0,0
2025-12-10,jiuwuhua888,重庆,31,2964,2964,5,5,0,0
2025-12-10,YSH,海南,未触发黑名单部分,4,0,0,0,0,0
2025-12-10,weiqianbao555,上海,31,27110,27110,45,45,0,0
2025-12-10,baotai52,湖北,未触发黑名单部分,5967,0,669,0,0,0
2025-12-10,yuedaibao666,云南,31,3637,3637,22,22,0,0
2025-12-10,kaishi01,上海,未触发黑名单部分,27,0,5,0,0,0
2025-12-10,baotai10,福建,未触发黑名单部分,72275,0,5400,0,0,0
2025-12-10,MYtest01,浙江,未触发黑名单部分,0,0,0,0,0,0
2025-12-10,xiaohuifu666,黑龙江,未触发黑名单部分,7,0,0,0,0,0
2025-12-10,YSH,安徽,未触发黑名单部分,14486,0,1125,0,0,0
2025-12-10,langshun06,吉林,31,1247,1247,2,2,0,0
2025-12-10,weiqianbao555,江苏,31,82489,82489,284,284,0,0
2025-12-10,zhongandai666,福建,31,887,887,9,9,0,0
2025-12-10,zhongandai999,湖南,未触发黑名单部分,129395,0,13024,0,0,0
2025-12-10,shuxunda01,北京,未触发黑名单部分,0,0,0,0,0,0
2025-12-10,zhongandai666,甘肃,未触发黑名单部分,2731,0,193,0,0,0
2025-12-10,baotai52,重庆,31,76,76,1,1,0,0
2025-12-10,langshun08,天津,31,1716,1716,16,16,0,0
2025-12-10,weiqianbao555,福建,未触发黑名单部分,139435,0,6377,0,2,0
2025-12-10,zhongandai666,河南,未触发黑名单部分,12928,0,1139,0,0,0
2025-12-10,haofenqi888,上海,31,4401,4401,18,18,0,0
2025-12-10,taoyirong999,天津,31,4478,4478,11,11,0,0
2025-12-10,zhongandai999,甘肃,31,5643,5643,41,41,0,0
2025-12-10,weiqianbao555,辽宁,31,13459,13459,45,45,0,0
2025-12-10,yuedaibao666,河南,31,5400,5400,24,24,0,0
2025-12-10,yuedaibao666,广西,31,4353,4353,21,21,0,0
2025-12-10,haihua888,广东,未触发黑名单部分,25644,0,2642,0,0,0
2025-12-10,baotai52,四川,未触发黑名单部分,6005,0,843,0,0,0
2025-12-10,baotai04,云南,未触发黑名单部分,3,0,1,0,0,0
2025-12-10,baotai27,海南,未触发黑名单部分,70932,0,5121,0,11,0
2025-12-10,zhongandai999,山西,未触发黑名单部分,109518,0,8518,0,0,0
2025-12-10,xiaohuifu666,辽宁,未触发黑名单部分,3522,0,261,0,0,0
2025-12-10,yunshenghua888,新疆,未触发黑名单部分,0,0,0,0,0,0
2025-12-10,xiaohuifu666,山西,未触发黑名单部分,5444,0,290,0,0,0
2025-12-10,zhongandai666,山东,未触发黑名单部分,13536,0,1127,0,0,0
2025-12-10,taoyirong999,宁夏,31,1966,1966,1,1,0,0
2025-12-10,weiqianbao333,新疆,未触发黑名单部分,0,0,0,0,0,0
2025-12-10,baotai10,四川,未触发黑名单部分,87363,0,8098,0,0,0
2025-12-10,jixianghua888,湖南,未触发黑名单部分,1427,0,31,0,0,0
2025-12-10,youqian888,河北,31,1029,1029,1,1,0,0
2025-12-10,jixianghua888,浙江,31,715,715,0,0,0,0
2025-12-10,jixianghua888,云南,未触发黑名单部分,963,0,26,0,0,0
2025-12-10,haozhouzhuan888,湖北,未触发黑名单部分,152996,0,2994,0,1,0
2025-12-10,weiqianbao888,海南,31,6631,6631,29,29,0,0
2025-12-10,fenqile888,江西,31,2378,2378,6,6,0,0
2025-12-10,yunshenghua888,江西,31,8,8,0,0,0,0
2025-12-10,taoyirong666,河北,31,2786,2786,1,1,0,0
2025-12-10,jirong888,江苏,未触发黑名单部分,55662,0,2754,0,0,0
2025-12-10,baotai52,安徽,31,497,497,3,3,0,0
2025-12-10,jixianghua888,河南,未触发黑名单部分,365,0,9,0,0,0
2025-12-10,zhongandai999,山东,未触发黑名单部分,206065,0,19628,0,0,0
2025-12-10,haozhouzhuan888,山西,未触发黑名单部分,145991,0,3019,0,0,0
2025-12-10,baotai04,新疆,未触发黑名单部分,241333,0,15388,0,37,0
2025-12-10,youqian888,山东,31,0,0,0,0,0,0
2025-12-10,taoyirong666,贵州,31,2276,2276,4,4,1,1
2025-12-10,baotai04,山西,31,474,474,4,4,0,0
2025-12-10,yunshenghua888,四川,未触发黑名单部分,174915,0,10178,0,1,0
2025-12-10,yuedaibao999,四川,未触发黑名单部分,159972,0,9882,0,0,0
2025-12-10,langshun08,江苏,未触发黑名单部分,40416,0,2614,0,0,0
2025-12-10,langshun08,重庆,未触发黑名单部分,17679,0,1142,0,0,0
2025-12-10,baotai52,陕西,未触发黑名单部分,5828,0,742,0,0,0
2025-12-10,baotai18,宁夏,未触发黑名单部分,444,0,57,0,0,0
2025-12-10,shuxunda01,安徽,31,426,426,1,1,0,0
2025-12-10,fenqile888,浙江,31,4951,4951,16,16,0,0
2025-12-10,yunshenghua888,湖南,未触发黑名单部分,209,0,5,0,0,0
2025-12-10,haozhouzhuan888,吉林,31,42060,42060,115,115,0,0
2025-12-10,yunshenghua888,黑龙江,未触发黑名单部分,25322,0,1530,0,0,0
2025-12-10,langshun08,云南,未触发黑名单部分,22130,0,1334,0,0,0
2025-12-10,weiqianbao333,重庆,31,9490,9490,26,26,0,0
2025-12-10,jirong888,湖南,31,7170,7170,30,30,0,0
2025-12-10,miduoduo888,江西,31,37567,37567,179,179,1,1
2025-12-10,huirong888,河南,31,6284,6284,34,34,0,0
2025-12-10,baotai04,辽宁,31,1,1,0,0,0,0
2025-12-10,haozhouzhuan888,江苏,31,165323,165323,450,450,0,0
2025-12-10,baotai27,山西,未触发黑名单部分,175465,0,10124,0,6,0
2025-12-10,YSH,山东,未触发黑名单部分,40,0,0,0,0,0
2025-12-10,baotai04,甘肃,未触发黑名单部分,7,0,1,0,0,0
2025-12-10,baotai27,重庆,未触发黑名单部分,165458,0,14649,0,19,0
2025-12-10,zhongandai666,江苏,31,2469,2469,38,38,0,0
2025-12-10,yunshenghua888,江苏,31,72788,72788,281,281,0,0
2025-12-10,jiuwuhua888,广东,未触发黑名单部分,174540,0,12042,0,2,0
2025-12-10,baotai52,河北,未触发黑名单部分,8860,0,1191,0,0,0
2025-12-10,taoyirong999,重庆,未触发黑名单部分,38895,0,1506,0,1,0
2025-12-10,baotai52,福建,31,312,312,1,1,0,0
2025-12-10,langshun08,河北,未触发黑名单部分,33947,0,2552,0,0,0
2025-12-10,taoyirong666,广东,31,12100,12100,14,14,0,0
2025-12-10,meixin888,天津,31,2156,2156,2,2,0,0
2025-12-10,zhongandai999,安徽,未触发黑名单部分,108431,0,15101,0,0,0
2025-12-10,taoyirong666,宁夏,未触发黑名单部分,375,0,27,0,0,0
2025-12-10,YSH,甘肃,未触发黑名单部分,3,0,0,0,0,0
2025-12-10,fenqile888,江西,未触发黑名单部分,16773,0,529,0,0,0
2025-12-10,langshun06,内蒙古,31,940,940,1,1,0,0
2025-12-10,haihua888,内蒙古,31,1,1,0,0,0,0
2025-12-10,weiqianbao661,山西,未触发黑名单部分,32539,0,1736,0,0,0
2025-12-10,taoyirong666,河北,未触发黑名单部分,7473,0,358,0,0,0
2025-12-10,xiaohuifu666,广西,未触发黑名单部分,2,0,0,0,0,0
2025-12-10,miduoduo888,江西,未触发黑名单部分,109418,0,6342,0,0,0
2025-12-10,meixin888,陕西,31,11691,11691,27,27,0,0
2025-12-10,weiqianbao555,天津,31,11984,11984,33,33,0,0
2025-12-10,baotai04,福建,31,0,0,0,0,0,0
2025-12-10,taoyirong666,湖南,未触发黑名单部分,6742,0,342,0,0,0
2025-12-10,zhongandai666,辽宁,未触发黑名单部分,4849,0,459,0,0,0
2025-12-10,yunshenghua888,江苏,未触发黑名单部分,201597,0,10037,0,0,0
2025-12-10,jiuwuhua888,河北,未触发黑名单部分,45429,0,2498,0,0,0
2025-12-10,yunshenghua888,四川,31,64467,64467,241,241,0,0
2025-12-10,weiqianbao888,四川,31,22726,22726,130,130,0,0
2025-12-10,shuxunda01,湖北,未触发黑名单部分,4938,0,494,0,0,0
2025-12-10,taoyirong666,云南,31,768,768,1,1,0,0
2025-12-10,youqian888,山东,未触发黑名单部分,2,0,0,0,0,0
2025-12-10,yuedaibao666,江西,31,2401,2401,17,17,0,0
2025-12-10,yuedaibao666,黑龙江,31,1018,1018,6,6,0,0
2025-12-10,zhongandai666,湖南,31,1025,1025,6,6,0,0
2025-12-10,youqian888,广西,未触发黑名单部分,7,0,0,0,0,0
2025-12-10,jixianghua888,福建,未触发黑名单部分,0,0,0,0,0,0
2025-12-10,baotai27,四川,31,11075,11075,101,101,0,0
2025-12-10,shuxunda01,贵州,未触发黑名单部分,10081,0,844,0,0,0
2025-12-10,miduoduo888,河南,31,99768,99768,344,344,0,0
2025-12-10,langshun06,湖北,未触发黑名单部分,20383,0,899,0,0,0
2025-12-10,,浙江,未触发黑名单部分,1648,0,143,0,0,0
2025-12-10,weiqianbao555,四川,未触发黑名单部分,188291,0,10303,0,2,0
2025-12-10,baotai27,江西,31,6704,6704,97,97,0,0
2025-12-10,haihua888,贵州,未触发黑名单部分,13463,0,1172,0,0,0
2025-12-10,huirong888,吉林,31,3206,3206,12,12,0,0
2025-12-10,youqian888,内蒙古,未触发黑名单部分,16,0,0,0,0,0
2025-12-10,yuedaibao666,甘肃,未触发黑名单部分,5880,0,406,0,0,0
2025-12-10,meixin888,广东,未触发黑名单部分,95795,0,6281,0,0,0
2025-12-10,zhongandai999,黑龙江,31,6081,6081,56,56,0,0
2025-12-10,baotai18,四川,31,125,125,1,1,0,0
2025-12-10,weiqianbao888,江苏,31,23145,23145,153,153,0,0
2025-12-10,kaishi01,江西,未触发黑名单部分,9,0,2,0,0,0
2025-12-10,baotai10,河北,31,11431,11431,74,74,0,0
2025-12-10,baotai52,广西,未触发黑名单部分,882,0,134,0,0,0
2025-12-10,weiqianbao333,广西,未触发黑名单部分,53871,0,2019,0,0,0
2025-12-10,jiuwuhua888,上海,未触发黑名单部分,9980,0,499,0,0,0
2025-12-10,langshun06,四川,31,7937,7937,17,17,0,0
2025-12-10,kaishi01,云南,未触发黑名单部分,2,0,1,0,0,0
2025-12-10,baotai10,广东,未触发黑名单部分,206181,0,18800,0,0,0
2025-12-10,baotai18,河北,31,190,190,2,2,0,0
2025-12-10,shuxunda01,河北,31,602,602,4,4,0,0
2025-12-10,,山东,31,1,1,0,0,0,0
2025-12-10,fenqile888,天津,31,79,79,0,0,0,0
2025-12-10,yuedaibao666,天津,未触发黑名单部分,5703,0,579,0,0,0
2025-12-10,jixianghua888,四川,31,790,790,4,4,0,0
2025-12-10,baotai04,重庆,31,0,0,0,0,0,0
2025-12-10,taoyirong999,河北,未触发黑名单部分,46119,0,1709,0,0,0
2025-12-10,miduoduo888,天津,31,17327,17327,34,34,0,0
2025-12-10,weiqianbao661,贵州,未触发黑名单部分,49632,0,2714,0,0,0
2025-12-10,kaishi01,山西,未触发黑名单部分,1,0,0,0,0,0
2025-12-10,yunshenghua888,辽宁,31,6220,6220,31,31,0,0
2025-12-10,xinyongfei666,上海,31,2213,2213,7,7,0,0
2025-12-10,baotai52,湖南,31,489,489,2,2,0,0
2025-12-10,fenqile888,广东,未触发黑名单部分,56938,0,1649,0,0,0
2025-12-10,youqian888,浙江,31,10310,10310,48,48,0,0
2025-12-10,huirong888,浙江,31,9314,9314,43,43,0,0
2025-12-10,huirong888,浙江,未触发黑名单部分,15743,0,1268,0,0,0
2025-12-10,langshun08,福建,31,2105,2105,7,7,0,0
2025-12-10,baotai52,山东,未触发黑名单部分,8819,0,989,0,0,0
2025-12-10,taoyirong666,山西,未触发黑名单部分,5277,0,214,0,0,0
2025-12-10,haihua888,江西,31,1,1,0,0,0,0
2025-12-10,jixianghua888,湖北,未触发黑名单部分,463,0,15,0,0,0
2025-12-10,taoyirong666,福建,31,2492,2492,3,3,0,0
2025-12-10,haofenqi888,贵州,31,5,5,0,0,0,0
2025-12-10,meixin888,广西,31,15370,15370,37,37,0,0
2025-12-10,taoyirong999,新疆,未触发黑名单部分,0,0,0,0,0,0
2025-12-10,baotai52,广东,未触发黑名单部分,13789,0,2249,0,0,0
2025-12-10,langshun08,安徽,31,1830,1830,7,7,0,0
2025-12-10,weiqianbao333,上海,31,7850,7850,15,15,0,0
2025-12-10,zhongandai666,吉林,31,406,406,2,2,0,0
2025-12-10,haofenqi888,河北,31,9583,9583,37,37,0,0
2025-12-10,weiqianbao888,青海,31,1486,1486,8,8,0,0
2025-12-10,baotai18,河北,未触发黑名单部分,5600,0,614,0,0,0
2025-12-10,baotai27,甘肃,31,303,303,1,1,0,0
2025-12-10,weiqianbao333,浙江,31,18960,18960,67,67,0,0
2025-12-10,taoyirong666,湖北,31,4118,4118,9,9,0,0
2025-12-10,baotai27,福建,未触发黑名单部分,196076,0,13840,0,33,0
2025-12-10,zhongandai999,河北,31,22152,22152,168,168,0,0
2025-12-10,baotai10,海南,未触发黑名单部分,11373,0,992,0,0,0
2025-12-10,miduoduo888,宁夏,未触发黑名单部分,37250,0,2402,0,0,0
2025-12-10,yuedaibao999,河南,31,84026,84026,397,397,0,0
2025-12-10,haofenqi888,河北,未触发黑名单部分,43616,0,1014,0,0,0
2025-12-10,haozhouzhuan888,天津,31,26440,26440,82,82,0,0
2025-12-10,weiqianbao661,云南,31,17002,17002,80,80,0,0
2025-12-10,yuedaibao666,福建,未触发黑名单部分,24288,0,1447,0,1,0
2025-12-10,YSH,广西,31,0,0,0,0,0,0
2025-12-10,YSH,广西,未触发黑名单部分,12,0,2,0,0,0
2025-12-10,YSH,河南,未触发黑名单部分,137,0,1,0,0,0
2025-12-10,zhongandai999,陕西,31,15659,15659,108,108,0,0
2025-12-10,yuedaibao999,陕西,未触发黑名单部分,124769,0,7252,0,0,0
2025-12-10,youqian888,四川,31,19266,19266,84,84,0,0
2025-12-10,jiuwuhua888,广西,31,14352,14352,44,44,0,0
2025-12-10,langshun08,海南,31,642,642,7,7,0,0
2025-12-10,weiqianbao888,黑龙江,未触发黑名单部分,9740,0,487,0,0,0
2025-12-10,baotai04,湖南,31,1,1,0,0,0,0
2025-12-10,baotai18,江苏,31,333,333,9,9,0,0
2025-12-10,haihua888,安徽,未触发黑名单部分,5022,0,575,0,0,0
2025-12-10,haofenqi888,陕西,31,8297,8297,39,39,0,0
2025-12-10,meixin888,江苏,未触发黑名单部分,24783,0,1438,0,0,0
2025-12-10,shuxunda01,辽宁,31,334,334,2,2,0,0
2025-12-10,,广西,未触发黑名单部分,3,0,1,0,0,0
2025-12-10,youqian888,辽宁,31,2606,2606,6,6,0,0
2025-12-10,yuedaibao666,海南,未触发黑名单部分,11542,0,390,0,0,0
2025-12-10,baotai27,黑龙江,31,0,0,0,0,0,0
2025-12-10,weiqianbao333,上海,未触发黑名单部分,6782,0,219,0,0,0
2025-12-10,kaishi01,福建,未触发黑名单部分,6,0,0,0,0,0
2025-12-10,youqian888,江西,31,1,1,0,0,0,0
2025-12-10,xinyongfei666,河南,未触发黑名单部分,49947,0,3106,0,0,0
2025-12-10,taoyirong999,海南,未触发黑名单部分,46374,0,1796,0,1,0
2025-12-10,xinyongfei666,海南,未触发黑名单部分,16,0,0,0,0,0
2025-12-10,haihua888,黑龙江,未触发黑名单部分,10,0,0,0,0,0
2025-12-10,xinyongfei666,内蒙古,未触发黑名单部分,15422,0,863,0,0,0
2025-12-10,xiaohuifu666,辽宁,31,65,65,1,1,0,0
2025-12-10,weiqianbao888,安徽,31,12024,12024,78,78,0,0
2025-12-10,weiqianbao888,山东,未触发黑名单部分,27946,0,1239,0,0,0
2025-12-10,taoyirong666,湖北,未触发黑名单部分,9685,0,389,0,0,0
2025-12-10,kaishi01,重庆,未触发黑名单部分,2,0,0,0,0,0
2025-12-10,zhongandai666,吉林,未触发黑名单部分,2401,0,201,0,0,0
2025-12-10,weiqianbao333,青海,31,1415,1415,5,5,0,0
2025-12-10,langshun08,黑龙江,31,764,764,5,5,0,0
2025-12-10,baotai04,吉林,未触发黑名单部分,24,0,0,0,0,0
2025-12-10,langshun08,西藏,未触发黑名单部分,0,0,0,0,0,0
2025-12-10,jirong888,四川,31,9698,9698,51,51,0,0
2025-12-10,baotai10,河南,31,12193,12193,79,79,0,0
2025-12-10,langshun08,山东,未触发黑名单部分,25049,0,1416,0,0,0
2025-12-10,baotai18,内蒙古,31,76,76,8,8,0,0
2025-12-10,jirong888,上海,未触发黑名单部分,16741,0,810,0,0,0
2025-12-10,yuedaibao666,湖北,31,3495,3495,9,9,0,0
2025-12-10,baotai52,江西,未触发黑名单部分,5203,0,733,0,0,0
2025-12-10,baotai10,广西,31,484,484,1,1,0,0
2025-12-10,taoyirong666,广西,31,1679,1679,1,1,0,0
2025-12-10,weiqianbao888,重庆,未触发黑名单部分,11835,0,633,0,1,0
2025-12-10,jixianghua888,四川,未触发黑名单部分,746,0,23,0,0,0
2025-12-10,shuxunda01,河北,未触发黑名单部分,6946,0,947,0,0,0
2025-12-10,weiqianbao888,河北,未触发黑名单部分,30578,0,1550,0,0,0
2025-12-10,langshun06,江西,未触发黑名单部分,25867,0,3307,0,1,0
2025-12-10,fenqile888,河南,未触发黑名单部分,32988,0,728,0,0,0
2025-12-10,baotai18,重庆,31,19,19,1,1,0,0
2025-12-10,huirong888,广西,未触发黑名单部分,28095,0,1588,0,1,0
2025-12-10,yuedaibao666,重庆,未触发黑名单部分,11196,0,913,0,0,0
2025-12-10,langshun08,吉林,未触发黑名单部分,8895,0,687,0,0,0
2025-12-10,zhongandai666,宁夏,未触发黑名单部分,1052,0,90,0,0,0
2025-12-10,weiqianbao333,青海,未触发黑名单部分,4759,0,211,0,0,0
2025-12-10,haihua888,江西,未触发黑名单部分,1,0,0,0,0,0
2025-12-10,miduoduo888,黑龙江,未触发黑名单部分,60519,0,2992,0,0,0
2025-12-10,miduoduo888,浙江,未触发黑名单部分,178128,0,12749,0,2,0
2025-12-10,baotai04,广东,31,6751,6751,30,30,0,0
2025-12-10,langshun08,上海,31,5008,5008,33,33,0,0
2025-12-10,taoyirong999,云南,未触发黑名单部分,68933,0,2577,0,1,0
2025-12-10,taoyirong666,重庆,31,1524,1524,4,4,0,0
2025-12-10,yuedaibao999,广东,31,197292,197292,595,595,0,0
2025-12-10,baotai18,四川,未触发黑名单部分,4411,0,480,0,0,0
2025-12-10,weiqianbao333,河南,未触发黑名单部分,33016,0,1329,0,2,0
2025-12-10,zhongandai999,吉林,31,6702,6702,47,47,0,0
2025-12-10,yuedaibao999,福建,31,59978,59978,281,281,0,0
2025-12-10,jixianghua888,上海,未触发黑名单部分,677,0,18,0,0,0
2025-12-10,haofenqi888,山东,31,15923,15923,86,86,0,0
2025-12-10,yuedaibao999,湖北,31,72297,72297,322,322,0,0
2025-12-10,jiuwuhua888,甘肃,31,4982,4982,20,20,0,0
2025-12-10,xiaohuifu666,河北,31,150,150,1,1,0,0
2025-12-10,baotai10,贵州,31,608,608,10,10,0,0
2025-12-10,weiqianbao888,山东,31,16176,16176,75,75,0,0
2025-12-10,fenqile888,江苏,未触发黑名单部分,23607,0,511,0,0,0
2025-12-10,baotai27,河南,未触发黑名单部分,555176,0,40768,0,79,0
2025-12-10,zhongandai999,上海,31,11089,11089,92,92,0,0
2025-12-10,zhongandai999,上海,未触发黑名单部分,69807,0,6774,0,0,0
2025-12-10,baotai10,宁夏,未触发黑名单部分,11668,0,1079,0,0,0
2025-12-10,jixianghua888,黑龙江,31,0,0,0,0,0,0
2025-12-10,haofenqi888,湖北,31,9381,9381,26,26,0,0
2025-12-10,yuedaibao999,江苏,31,102379,102379,474,474,0,0
2025-12-10,xinyongfei666,江西,未触发黑名单部分,27564,0,1835,0,0,0
2025-12-10,baotai52,浙江,31,561,561,6,6,0,0
2025-12-10,taoyirong999,福建,31,25020,25020,35,35,0,0
2025-12-10,weiqianbao888,云南,未触发黑名单部分,35065,0,1691,0,0,0
2025-12-10,yunshenghua888,黑龙江,31,6218,6218,34,34,0,0
2025-12-10,langshun06,湖南,31,3289,3289,3,3,0,0
2025-12-10,taoyirong999,山东,未触发黑名单部分,73764,0,2445,0,0,0
2025-12-10,huirong888,广东,31,42084,42084,127,127,1,1
2025-12-10,baotai10,青海,未触发黑名单部分,7668,0,851,0,0,0
2025-12-10,fenqile888,甘肃,未触发黑名单部分,11492,0,296,0,1,0
2025-12-10,jixianghua888,天津,未触发黑名单部分,297,0,15,0,0,0
2025-12-10,zhongandai666,湖北,31,1479,1479,19,19,0,0
2025-12-10,baotai10,黑龙江,未触发黑名单部分,36880,0,3211,0,0,0
2025-12-10,xiaohuifu666,四川,未触发黑名单部分,6861,0,542,0,0,0
2025-12-10,weiqianbao661,四川,未触发黑名单部分,43238,0,2844,0,2,0
2025-12-10,huirong888,江苏,31,18841,18841,85,85,0,0
2025-12-10,weiqianbao661,吉林,31,6544,6544,23,23,0,0
2025-12-10,baotai10,上海,未触发黑名单部分,43517,0,3683,0,0,0
2025-12-10,haofenqi888,山东,未触发黑名单部分,63645,0,1288,0,0,0
2025-12-10,zhongandai999,宁夏,未触发黑名单部分,19639,0,2313,0,0,0
2025-12-10,meixin888,山西,31,11357,11357,27,27,0,0
2025-12-10,haofenqi888,辽宁,31,4116,4116,20,20,0,0
2025-12-10,langshun08,山西,31,1430,1430,8,8,0,0
2025-12-10,xinyongfei666,甘肃,未触发黑名单部分,9955,0,626,0,0,0
2025-12-10,weiqianbao555,河北,31,51051,51051,146,146,0,0
2025-12-10,baotai10,云南,未触发黑名单部分,58831,0,5208,0,0,0
2025-12-10,zhongandai999,辽宁,31,10362,10362,69,69,0,0
2025-12-10,yuedaibao999,宁夏,未触发黑名单部分,19017,0,1173,0,0,0
2025-12-10,shuxunda01,浙江,未触发黑名单部分,12697,0,2173,0,0,0
2025-12-10,zhongandai666,山东,31,1993,1993,39,39,0,0
2025-12-10,baotai10,浙江,未触发黑名单部分,98157,0,11415,0,0,0
2025-12-10,YSH,四川,31,2132,2132,6,6,0,0
2025-12-10,YSH,陕西,未触发黑名单部分,21,0,0,0,0,0
2025-12-10,meixin888,甘肃,未触发黑名单部分,3,0,0,0,0,0
2025-12-10,weiqianbao333,西藏,未触发黑名单部分,0,0,0,0,0,0
2025-12-10,yuedaibao999,贵州,31,49319,49319,158,158,0,0
2025-12-10,weiqianbao888,山西,31,11728,11728,68,68,0,0
2025-12-10,zhongandai999,广东,未触发黑名单部分,349387,0,38424,0,1,0
2025-12-10,haozhouzhuan888,江苏,未触发黑名单部分,177764,0,3199,0,0,0
2025-12-10,baotai18,贵州,未触发黑名单部分,415,0,63,0,0,0
2025-12-10,yuedaibao999,内蒙古,未触发黑名单部分,36964,0,2643,0,0,0
2025-12-10,langshun06,上海,未触发黑名单部分,37526,0,1477,0,0,0
2025-12-10,haofenqi888,湖南,31,8493,8493,32,32,0,0
2025-12-10,weiqianbao333,安徽,未触发黑名单部分,19074,0,756,0,0,0
2025-12-10,weiqianbao555,广西,31,53991,53991,179,179,0,0
2025-12-10,taoyirong666,上海,31,1900,1900,3,3,0,0
2025-12-10,baotai52,贵州,31,10,10,0,0,0,0
2025-12-10,yuedaibao999,湖北,未触发黑名单部分,117336,0,6682,0,0,0
2025-12-10,xiaohuifu666,湖北,未触发黑名单部分,6531,0,466,0,0,0
2025-12-10,weiqianbao888,广东,未触发黑名单部分,105478,0,6054,0,1,0
2025-12-10,yuedaibao999,江西,31,32829,32829,155,155,1,1
2025-12-10,shuxunda01,四川,31,677,677,4,4,0,0
2025-12-10,jiuwuhua888,黑龙江,31,2726,2726,8,8,0,0
2025-12-10,youqian888,云南,未触发黑名单部分,20680,0,1306,0,0,0
2025-12-10,baotai27,云南,31,10706,10706,164,164,0,0
2025-12-10,huirong888,辽宁,31,3015,3015,9,9,0,0
2025-12-10,baotai18,河南,未触发黑名单部分,6406,0,827,0,0,0
2025-12-10,xiaohuifu666,吉林,未触发黑名单部分,1915,0,144,0,0,0
2025-12-10,jixianghua888,河南,31,227,227,0,0,0,0
2025-12-10,xinyongfei666,宁夏,31,322,322,1,1,0,0
2025-12-10,,新疆,未触发黑名单部分,0,0,0,0,0,0
2025-12-10,xiaohuifu666,湖北,31,178,178,1,1,0,0
2025-12-10,yuedaibao999,河北,未触发黑名单部分,130850,0,8151,0,0,0
2025-12-10,haihua888,上海,未触发黑名单部分,9868,0,836,0,0,0
2025-12-10,haofenqi888,湖北,未触发黑名单部分,36119,0,670,0,0,0
2025-12-10,baotai27,青海,31,345,345,3,3,0,0
2025-12-10,baotai18,广西,31,22,22,0,0,0,0
2025-12-10,fenqile888,湖北,31,5287,5287,20,20,0,0
2025-12-10,langshun06,广西,未触发黑名单部分,27861,0,1793,0,1,0
2025-12-10,xiaohuifu666,内蒙古,未触发黑名单部分,4225,0,248,0,0,0
2025-12-10,huirong888,海南,未触发黑名单部分,7,0,0,0,0,0
2025-12-10,weiqianbao888,湖北,31,15398,15398,97,97,0,0
2025-12-10,yuedaibao999,辽宁,未触发黑名单部分,37511,0,2850,0,0,0
2025-12-10,yunshenghua888,吉林,未触发黑名单部分,77,0,0,0,0,0
2025-12-10,fenqile888,福建,未触发黑名单部分,13720,0,326,0,0,0
2025-12-10,jirong888,山东,未触发黑名单部分,44344,0,2287,0,0,0
2025-12-10,youqian888,黑龙江,未触发黑名单部分,26,0,0,0,0,0
2025-12-10,taoyirong999,江西,31,10916,10916,22,22,1,1
2025-12-10,yuedaibao666,甘肃,31,628,628,2,2,0,0
2025-12-10,zhongandai666,广西,31,174,174,0,0,0,0
2025-12-10,yunshenghua888,广东,未触发黑名单部分,550,0,8,0,0,0
2025-12-10,fenqile888,山东,未触发黑名单部分,25684,0,547,0,0,0
2025-12-10,taoyirong666,河南,31,7148,7148,11,11,0,0
2025-12-10,baotai52,辽宁,未触发黑名单部分,3245,0,499,0,0,0
2025-12-10,jixianghua888,山东,未触发黑名单部分,2198,0,68,0,0,0
2025-12-10,fenqile888,四川,31,6417,6417,20,20,0,0
2025-12-10,yuedaibao999,黑龙江,31,17647,17647,53,53,0,0
2025-12-10,langshun06,安徽,31,2632,2632,6,6,0,0
2025-12-10,baotai18,黑龙江,31,23,23,1,1,0,0
2025-12-10,zhongandai999,湖南,31,15835,15835,99,99,0,0
2025-12-10,zhongandai999,天津,未触发黑名单部分,29935,0,2589,0,0,0
2025-12-10,haihua888,福建,未触发黑名单部分,5,0,1,0,0,0
2025-12-10,baotai27,湖南,31,11680,11680,90,90,0,0
2025-12-10,langshun08,江西,未触发黑名单部分,7747,0,601,0,0,0
2025-12-10,huirong888,甘肃,31,3487,3487,13,13,0,0
2025-12-10,jixianghua888,贵州,31,841,841,1,1,0,0
2025-12-10,haozhouzhuan888,甘肃,未触发黑名单部分,37,0,7,0,0,0
2025-12-10,taoyirong999,贵州,未触发黑名单部分,80047,0,3097,0,0,0
2025-12-10,langshun06,广东,未触发黑名单部分,43791,0,4210,0,0,0
2025-12-10,weiqianbao555,黑龙江,31,6789,6789,28,28,0,0
2025-12-10,youqian888,山西,未触发黑名单部分,9841,0,473,0,0,0
2025-12-10,baotai27,河北,31,42,42,0,0,0,0
2025-12-10,miduoduo888,山西,未触发黑名单部分,202231,0,9892,0,0,0
2025-12-10,haozhouzhuan888,河南,31,134110,134110,384,384,0,0
2025-12-10,fenqile888,广西,31,3631,3631,7,7,0,0
2025-12-10,haofenqi888,江西,未触发黑名单部分,22466,0,605,0,0,0
2025-12-10,huirong888,天津,未触发黑名单部分,22,0,0,0,0,0
2025-12-10,haozhouzhuan888,湖南,31,171442,171442,451,451,0,0
2025-12-10,meixin888,四川,未触发黑名单部分,30836,0,1790,0,1,0
2025-12-10,weiqianbao555,湖北,31,60277,60277,185,185,0,0
2025-12-10,baotai04,山东,31,0,0,0,0,0,0
2025-12-10,weiqianbao661,辽宁,未触发黑名单部分,15537,0,911,0,0,0
2025-12-10,baotai52,江苏,31,906,906,6,6,0,0
2025-12-10,weiqianbao555,山西,31,46596,46596,172,172,0,0
2025-12-10,weiqianbao888,吉林,31,5520,5520,28,28,0,0
2025-12-10,weiqianbao555,广东,未触发黑名单部分,356712,0,18878,0,0,0
2025-12-10,jiuwuhua888,上海,31,2246,2246,5,5,0,0
2025-12-10,weiqianbao555,甘肃,未触发黑名单部分,84499,0,4676,0,0,0
2025-12-10,weiqianbao661,安徽,31,14112,14112,62,62,0,0
2025-12-10,taoyirong666,陕西,未触发黑名单部分,5670,0,275,0,1,0
2025-12-10,xiaohuifu666,四川,31,171,171,4,4,0,0
2025-12-10,yunshenghua888,海南,未触发黑名单部分,11,0,0,0,0,0
2025-12-10,yuedaibao666,河南,未触发黑名单部分,38681,0,2368,0,1,0
2025-12-10,youqian888,广东,未触发黑名单部分,35201,0,2080,0,0,0
2025-12-10,jirong888,黑龙江,31,2631,2631,15,15,0,0
2025-12-10,kaishi01,河北,未触发黑名单部分,4,0,1,0,0,0
2025-12-10,haihua888,宁夏,未触发黑名单部分,1,0,0,0,0,0
2025-12-10,huirong888,陕西,未触发黑名单部分,9094,0,629,0,1,0
2025-12-10,yuedaibao666,云南,未触发黑名单部分,33041,0,2238,0,1,0
2025-12-10,yunshenghua888,青海,未触发黑名单部分,9,0,0,0,0,0
2025-12-10,baotai27,贵州,未触发黑名单部分,281843,0,15113,0,29,0
2025-12-10,baotai10,江西,31,4891,4891,49,49,0,0
2025-12-10,yuedaibao666,陕西,未触发黑名单部分,15964,0,994,0,0,0
2025-12-10,baotai18,辽宁,31,58,58,4,4,0,0
2025-12-10,jixianghua888,江西,31,752,752,1,1,0,0
2025-12-10,baotai10,黑龙江,31,2973,2973,27,27,0,0
2025-12-10,weiqianbao888,贵州,未触发黑名单部分,37875,0,1439,0,0,0
2025-12-10,jiuwuhua888,贵州,31,10886,10886,24,24,0,0
2025-12-10,yuedaibao999,黑龙江,未触发黑名单部分,29165,0,1985,0,0,0
2025-12-10,weiqianbao661,海南,31,5661,5661,4,4,0,0
2025-12-10,jirong888,吉林,31,2477,2477,15,15,0,0
2025-12-10,zhongandai666,湖北,未触发黑名单部分,8143,0,645,0,0,0
2025-12-10,miduoduo888,天津,未触发黑名单部分,26646,0,2141,0,0,0
2025-12-10,weiqianbao333,辽宁,未触发黑名单部分,10342,0,372,0,0,0
2025-12-10,taoyirong666,黑龙江,未触发黑名单部分,3801,0,202,0,0,0
2025-12-10,weiqianbao661,江苏,31,24346,24346,92,92,0,0
2025-12-10,jiuwuhua888,安徽,31,6477,6477,30,30,0,0
2025-12-10,baotai04,陕西,31,1,1,0,0,0,0
2025-12-10,taoyirong666,江苏,31,4459,4459,12,12,0,0
2025-12-10,baotai18,上海,未触发黑名单部分,0,0,0,0,0,0
2025-12-10,baotai04,宁夏,31,1,1,0,0,0,0
2025-12-10,haozhouzhuan888,内蒙古,31,16,16,0,0,0,0
2025-12-10,taoyirong999,甘肃,31,8582,8582,24,24,0,0
2025-12-10,miduoduo888,云南,未触发黑名单部分,356203,0,22245,0,3,0
2025-12-10,miduoduo888,山东,未触发黑名单部分,200415,0,9344,0,0,0
2025-12-10,yunshenghua888,浙江,31,40360,40360,127,127,0,0
2025-12-10,baotai18,陕西,未触发黑名单部分,3677,0,576,0,0,0
2025-12-10,weiqianbao661,重庆,31,7755,7755,17,17,0,0
2025-12-10,jixianghua888,甘肃,未触发黑名单部分,0,0,0,0,0,0
2025-12-10,haozhouzhuan888,辽宁,未触发黑名单部分,66197,0,1421,0,0,0
2025-12-10,taoyirong999,江西,未触发黑名单部分,35018,0,1534,0,0,0
2025-12-10,weiqianbao333,天津,31,3665,3665,5,5,0,0
2025-12-10,,浙江,31,3,3,0,0,0,0
2025-12-10,weiqianbao888,江西,31,10107,10107,65,65,0,0
2025-12-10,langshun06,西藏,未触发黑名单部分,0,0,0,0,0,0
2025-12-10,haofenqi888,吉林,未触发黑名单部分,14197,0,351,0,0,0
2025-12-10,YSH,云南,31,235,235,1,1,0,0
2025-12-10,baotai04,江苏,31,2,2,0,0,0,0
2025-12-10,jixianghua888,福建,31,0,0,0,0,0,0
2025-12-10,jirong888,四川,未触发黑名单部分,44076,0,2751,0,0,0
2025-12-10,yuedaibao999,河北,31,76379,76379,341,341,0,0
2025-12-10,meixin888,江西,31,6899,6899,22,22,1,1
2025-12-10,youqian888,青海,31,253,253,0,0,0,0
2025-12-10,baotai52,海南,31,2,2,0,0,0,0
2025-12-10,weiqianbao555,云南,31,40643,40643,176,176,0,0
2025-12-10,jiuwuhua888,云南,未触发黑名单部分,59756,0,3822,0,0,0
2025-12-10,meixin888,陕西,未触发黑名单部分,20672,0,1078,0,1,0
2025-12-10,langshun08,海南,未触发黑名单部分,11715,0,987,0,0,0
2025-12-10,yuedaibao666,内蒙古,31,618,618,4,4,0,0
2025-12-10,kaishi01,北京,未触发黑名单部分,0,0,0,0,0,0
2025-12-10,zhongandai666,河北,未触发黑名单部分,9362,0,845,0,0,0
2025-12-10,haihua888,浙江,未触发黑名单部分,6542,0,701,0,0,0
2025-12-10,baotai10,内蒙古,31,4236,4236,30,30,0,0
2025-12-10,langshun08,山西,未触发黑名单部分,10289,0,558,0,0,0
2025-12-10,baotai27,安徽,31,2589,2589,9,9,0,0
2025-12-10,fenqile888,重庆,未触发黑名单部分,6317,0,158,0,0,0
2025-12-10,xinyongfei666,山东,未触发黑名单部分,39839,0,1902,0,0,0
2025-12-10,yuedaibao666,山东,31,4918,4918,26,26,0,0
2025-12-10,weiqianbao661,江西,未触发黑名单部分,31817,0,2038,0,0,0
2025-12-10,yunshenghua888,天津,31,21280,21280,47,47,0,0
2025-12-10,YSH,宁夏,31,1,1,0,0,0,0
2025-12-10,langshun06,陕西,未触发黑名单部分,33583,0,2099,0,1,0
2025-12-10,jirong888,云南,未触发黑名单部分,14165,0,668,0,0,0
2025-12-10,baotai52,甘肃,31,243,243,2,2,0,0
2025-12-10,yunshenghua888,云南,31,2536,2536,11,11,0,0
2025-12-10,haofenqi888,天津,未触发黑名单部分,8738,0,197,0,0,0
2025-12-10,yuedaibao666,宁夏,未触发黑名单部分,1725,0,91,0,0,0
2025-12-10,huirong888,安徽,未触发黑名单部分,5048,0,333,0,0,0
2025-12-10,haihua888,山东,31,372,372,2,2,0,0
2025-12-10,youqian888,吉林,未触发黑名单部分,16,0,0,0,0,0
2025-12-10,YSH,辽宁,未触发黑名单部分,2,0,0,0,0,0
2025-12-10,yunshenghua888,湖北,未触发黑名单部分,108444,0,5107,0,5,0
2025-12-10,weiqianbao888,四川,未触发黑名单部分,37038,0,1939,0,3,0
2025-12-10,weiqianbao333,甘肃,31,11249,11249,39,39,0,0
2025-12-10,haozhouzhuan888,辽宁,31,41389,41389,106,106,0,0
2025-12-10,baotai52,上海,未触发黑名单部分,3360,0,379,0,0,0
2025-12-10,zhongandai666,浙江,31,1189,1189,12,12,0,0
2025-12-10,zhongandai999,黑龙江,未触发黑名单部分,47635,0,4883,0,0,0
2025-12-10,weiqianbao555,贵州,31,55242,55242,136,136,1,1
2025-12-10,weiqianbao661,宁夏,未触发黑名单部分,9265,0,533,0,0,0
2025-12-10,baotai04,湖南,未触发黑名单部分,35,0,1,0,0,0
2025-12-10,weiqianbao333,河北,31,17742,17742,53,53,0,0
2025-12-10,YSH,青海,31,0,0,0,0,0,0
2025-12-10,youqian888,湖北,未触发黑名单部分,3382,0,220,0,0,0
2025-12-10,zhongandai666,甘肃,31,456,456,4,4,0,0
2025-12-10,xinyongfei666,云南,31,1282,1282,6,6,0,0
2025-12-10,langshun06,山东,31,5758,5758,11,11,0,0
2025-12-10,weiqianbao888,辽宁,未触发黑名单部分,11387,0,557,0,0,0
2025-12-10,shuxunda01,广东,未触发黑名单部分,33622,0,5212,0,0,0
2025-12-10,huirong888,湖南,未触发黑名单部分,14844,0,1107,0,1,0
2025-12-10,weiqianbao888,辽宁,31,5772,5772,34,34,0,0
2025-12-10,xiaohuifu666,江苏,31,245,245,0,0,0,0
2025-12-10,yunshenghua888,天津,未触发黑名单部分,36961,0,2377,0,0,0
2025-12-10,yunshenghua888,河北,31,9310,9310,26,26,0,0
2025-12-10,yunshenghua888,广东,31,80,80,0,0,0,0
2025-12-10,miduoduo888,青海,未触发黑名单部分,14,0,1,0,0,0
2025-12-10,haozhouzhuan888,广东,未触发黑名单部分,699815,0,13469,0,1,0
2025-12-10,weiqianbao333,广东,31,69580,69580,203,203,0,0
2025-12-10,miduoduo888,河南,未触发黑名单部分,237862,0,12231,0,1,0
2025-12-10,yunshenghua888,陕西,31,16697,16697,39,39,0,0
2025-12-10,jirong888,广西,未触发黑名单部分,26115,0,1503,0,0,0
2025-12-10,baotai27,湖北,31,10027,10027,84,84,0,0
2025-12-10,baotai18,广东,未触发黑名单部分,7806,0,1278,0,0,0
2025-12-10,fenqile888,陕西,31,4272,4272,17,17,0,0
2025-12-10,baotai52,贵州,未触发黑名单部分,1248,0,165,0,0,0
2025-12-10,langshun06,河北,31,3179,3179,11,11,0,0
2025-12-10,baotai27,山东,31,3969,3969,23,23,0,0
2025-12-10,fenqile888,福建,31,2788,2788,14,14,0,0
2025-12-10,jixianghua888,吉林,未触发黑名单部分,272,0,6,0,0,0
2025-12-10,haozhouzhuan888,甘肃,31,3,3,0,0,0,0
2025-12-10,miduoduo888,海南,31,24575,24575,79,79,0,0
2025-12-10,haofenqi888,陕西,未触发黑名单部分,30029,0,706,0,0,0
2025-12-10,xinyongfei666,吉林,31,883,883,3,3,0,0
2025-12-10,YSH,新疆,未触发黑名单部分,0,0,0,0,0,0
2025-12-10,shuxunda01,广西,未触发黑名单部分,6722,0,863,0,0,0
2025-12-10,YSH,甘肃,31,0,0,0,0,0,0
2025-12-10,taoyirong999,吉林,未触发黑名单部分,22794,0,908,0,0,0
2025-12-10,taoyirong666,吉林,31,1870,1870,3,3,0,0
2025-12-10,haozhouzhuan888,云南,未触发黑名单部分,22,0,5,0,0,0
2025-12-10,baotai27,天津,未触发黑名单部分,3,0,0,0,0,0
2025-12-10,weiqianbao555,湖北,未触发黑名单部分,148279,0,6398,0,1,0
2025-12-10,xinyongfei666,陕西,31,2400,2400,13,13,0,0
2025-12-10,youqian888,河北,未触发黑名单部分,3638,0,203,0,0,0
2025-12-10,zhongandai999,湖北,未触发黑名单部分,118090,0,10844,0,0,0
2025-12-10,,山西,未触发黑名单部分,0,0,0,0,0,0
2025-12-10,taoyirong666,安徽,未触发黑名单部分,4947,0,272,0,0,0
2025-12-10,weiqianbao333,云南,31,19245,19245,76,76,0,0
2025-12-10,youqian888,贵州,未触发黑名单部分,6182,0,342,0,0,0
2025-12-10,baotai52,上海,31,286,286,1,1,0,0
2025-12-10,meixin888,宁夏,31,0,0,0,0,0,0
2025-12-10,weiqianbao333,四川,31,26724,26724,80,80,0,0
2025-12-10,jirong888,宁夏,未触发黑名单部分,5,0,0,0,0,0
2025-12-10,haozhouzhuan888,四川,未触发黑名单部分,180297,0,3928,0,0,0
2025-12-10,xiaohuifu666,浙江,未触发黑名单部分,14183,0,1162,0,1,0
2025-12-10,taoyirong999,山西,31,8029,8029,16,16,0,0
2025-12-10,haihua888,贵州,31,1118,1118,3,3,0,0
2025-12-10,haofenqi888,安徽,31,3,3,0,0,0,0
2025-12-10,jixianghua888,安徽,未触发黑名单部分,455,0,15,0,0,0
2025-12-10,zhongandai999,江苏,未触发黑名单部分,212631,0,20778,0,0,0
2025-12-10,jirong888,江苏,31,10750,10750,40,40,0,0
2025-12-10,YSH,内蒙古,未触发黑名单部分,2998,0,189,0,0,0
2025-12-10,haozhouzhuan888,重庆,31,55855,55855,138,138,0,0
2025-12-10,yuedaibao666,浙江,未触发黑名单部分,33012,0,2747,0,1,0
2025-12-10,taoyirong666,上海,未触发黑名单部分,2940,0,133,0,0,0
2025-12-10,huirong888,宁夏,31,3,3,0,0,0,0
2025-12-10,haofenqi888,广西,31,3,3,0,0,0,0
2025-12-10,weiqianbao555,河南,未触发黑名单部分,159940,0,8080,0,1,0
2025-12-10,baotai27,内蒙古,未触发黑名单部分,116952,0,9733,0,17,0
2025-12-10,huirong888,河北,未触发黑名单部分,16582,0,1361,0,0,0
2025-12-10,weiqianbao333,湖南,未触发黑名单部分,40758,0,1781,0,0,0
2025-12-10,xinyongfei666,天津,未触发黑名单部分,7376,0,440,0,0,0
2025-12-10,jirong888,安徽,未触发黑名单部分,27371,0,1565,0,0,0
2025-12-10,yuedaibao999,山西,未触发黑名单部分,122371,0,7047,0,0,0
2025-12-10,fenqile888,贵州,未触发黑名单部分,23202,0,1123,0,0,0
2025-12-10,haozhouzhuan888,青海,31,1,1,0,0,0,0
2025-12-10,langshun08,四川,未触发黑名单部分,25927,0,1996,0,0,0
2025-12-10,jirong888,广西,31,2963,2963,7,7,0,0
2025-12-10,baotai10,湖南,未触发黑名单部分,76024,0,6702,0,0,0
2025-12-10,yunshenghua888,浙江,未触发黑名单部分,143380,0,9738,0,0,0
2025-12-10,xiaohuifu666,宁夏,未触发黑名单部分,1604,0,150,0,0,0
2025-12-10,YSH,江西,未触发黑名单部分,3,0,0,0,0,0
2025-12-10,yuedaibao999,上海,未触发黑名单部分,34452,0,2313,0,0,0
2025-12-10,taoyirong666,山东,未触发黑名单部分,15159,0,699,0,0,0
2025-12-10,YSH,湖南,未触发黑名单部分,2391,0,197,0,0,0
2025-12-10,baotai52,吉林,31,177,177,0,0,0,0
2025-12-10,zhongandai999,江西,未触发黑名单部分,84482,0,8865,0,0,0
2025-12-10,baotai18,宁夏,31,7,7,0,0,0,0
2025-12-10,meixin888,湖北,未触发黑名单部分,24955,0,1314,0,0,0
2025-12-10,jirong888,河南,未触发黑名单部分,57052,0,3544,0,0,0
2025-12-10,langshun06,天津,未触发黑名单部分,14247,0,586,0,0,0
2025-12-10,xiaohuifu666,甘肃,31,80,80,1,1,0,0
2025-12-10,weiqianbao888,广东,31,63343,63343,299,299,1,1
2025-12-10,baotai18,内蒙古,未触发黑名单部分,3093,0,642,0,0,0
2025-12-10,langshun08,新疆,未触发黑名单部分,0,0,0,0,0,0
2025-12-10,yuedaibao999,天津,未触发黑名单部分,19544,0,1784,0,0,0
2025-12-10,weiqianbao661,山西,31,14805,14805,56,56,0,0
2025-12-10,haofenqi888,广东,31,19331,19331,69,69,0,0
2025-12-10,yunshenghua888,安徽,未触发黑名单部分,53777,0,2877,0,0,0
2025-12-10,xiaohuifu666,河北,未触发黑名单部分,6903,0,464,0,0,0
2025-12-10,weiqianbao555,江西,未触发黑名单部分,79140,0,4479,0,0,0
2025-12-10,shuxunda01,江苏,未触发黑名单部分,10066,0,1606,0,0,0
2025-12-10,haihua888,湖北,31,2,2,0,0,0,0
2025-12-10,haihua888,天津,未触发黑名单部分,7226,0,681,0,0,0
2025-12-10,zhongandai666,山西,未触发黑名单部分,6899,0,458,0,0,0
2025-12-10,huirong888,吉林,未触发黑名单部分,4638,0,361,0,0,0
2025-12-10,zhongandai666,陕西,未触发黑名单部分,6021,0,484,0,1,0
2025-12-10,baotai52,甘肃,未触发黑名单部分,3636,0,490,0,0,0
2025-12-10,kaishi01,浙江,31,13,13,0,0,0,0
2025-12-10,jirong888,辽宁,未触发黑名单部分,19378,0,1210,0,0,0
2025-12-10,YSH,上海,未触发黑名单部分,38660,0,6369,0,0,0
2025-12-10,baotai04,内蒙古,未触发黑名单部分,42,0,0,0,0,0
2025-12-10,haozhouzhuan888,广东,31,326157,326157,654,654,0,0
2025-12-10,zhongandai666,四川,未触发黑名单部分,10720,0,899,0,0,0
2025-12-10,jiuwuhua888,四川,未触发黑名单部分,59548,0,3849,0,1,0
2025-12-10,baotai52,宁夏,31,109,109,1,1,0,0
2025-12-10,baotai18,浙江,31,56,56,3,3,0,0
2025-12-10,weiqianbao888,上海,未触发黑名单部分,8421,0,294,0,0,0
2025-12-10,huirong888,山西,未触发黑名单部分,7674,0,506,0,0,0
2025-12-10,langshun06,上海,31,8571,8571,31,31,0,0
2025-12-10,zhongandai999,宁夏,31,2171,2171,24,24,0,0
2025-12-10,weiqianbao661,湖南,未触发黑名单部分,63377,0,4164,0,0,0
2025-12-10,weiqianbao888,河北,31,15357,15357,85,85,0,0
2025-12-10,shuxunda01,福建,未触发黑名单部分,6699,0,827,0,0,0
2025-12-10,weiqianbao333,山西,未触发黑名单部分,23079,0,850,0,0,0
2025-12-10,huirong888,重庆,31,4,4,0,0,0,0
2025-12-10,taoyirong999,浙江,未触发黑名单部分,88072,0,5425,0,1,0
2025-12-10,zhongandai999,浙江,31,17437,17437,175,175,0,0
2025-12-10,weiqianbao888,陕西,未触发黑名单部分,26262,0,1209,0,0,0
2025-12-10,youqian888,河南,未触发黑名单部分,14729,0,902,0,0,0
2025-12-10,youqian888,青海,未触发黑名单部分,2175,0,190,0,0,0
2025-12-10,shuxunda01,吉林,31,244,244,1,1,0,0
2025-12-10,weiqianbao555,贵州,未触发黑名单部分,224000,0,9855,0,0,0
2025-12-10,baotai52,山东,31,700,700,4,4,0,0
2025-12-10,taoyirong666,江西,未触发黑名单部分,1122,0,68,0,0,0
2025-12-10,taoyirong999,上海,31,12676,12676,22,22,0,0
2025-12-10,jiuwuhua888,陕西,31,8553,8553,25,25,0,0
2025-12-10,jixianghua888,湖北,31,649,649,0,0,0,0
2025-12-10,xiaohuifu666,山东,31,254,254,3,3,0,0
2025-12-10,yuedaibao999,广西,31,78508,78508,376,376,0,0
2025-12-10,YSH,浙江,未触发黑名单部分,22937,0,2234,0,0,0
2025-12-10,shuxunda01,浙江,31,576,576,6,6,0,0
2025-12-10,langshun08,黑龙江,未触发黑名单部分,7294,0,518,0,0,0
2025-12-10,jiuwuhua888,湖北,未触发黑名单部分,44725,0,2383,0,1,0
2025-12-10,yuedaibao999,四川,31,104111,104111,408,408,0,0
2025-12-10,meixin888,云南,未触发黑名单部分,28623,0,1959,0,0,0
2025-12-10,jirong888,上海,31,4067,4067,11,11,0,0
2025-12-10,shuxunda01,福建,31,502,502,3,3,0,0
2025-12-10,haofenqi888,宁夏,未触发黑名单部分,8967,0,211,0,0,0
2025-12-10,langshun06,河北,未触发黑名单部分,42833,0,4070,0,0,0
2025-12-10,langshun08,吉林,31,1126,1126,2,2,0,0
2025-12-10,langshun08,重庆,31,1546,1546,8,8,0,0
2025-12-10,langshun08,甘肃,31,247,247,2,2,0,0
2025-12-10,weiqianbao661,河南,未触发黑名单部分,49652,0,3077,0,3,0
2025-12-10,weiqianbao888,宁夏,未触发黑名单部分,7079,0,326,0,0,0
2025-12-10,baotai10,内蒙古,未触发黑名单部分,40981,0,3792,0,0,0
2025-12-10,YSH,天津,未触发黑名单部分,11204,0,816,0,0,0
2025-12-10,taoyirong666,江西,31,388,388,0,0,0,0
2025-12-10,zhongandai999,福建,未触发黑名单部分,67645,0,6839,0,0,0
2025-12-10,weiqianbao333,湖南,31,22420,22420,42,42,0,0
2025-12-10,baotai18,吉林,31,43,43,1,1,0,0
2025-12-10,kaishi01,江苏,未触发黑名单部分,21,0,5,0,0,0
2025-12-10,jirong888,天津,31,1931,1931,5,5,0,0
2025-12-10,weiqianbao661,河南,31,22959,22959,90,90,0,0
2025-12-10,zhongandai999,辽宁,未触发黑名单部分,78248,0,8946,0,0,0
2025-12-10,jixianghua888,天津,31,329,329,0,0,0,0
2025-12-10,jiuwuhua888,山东,未触发黑名单部分,45346,0,2316,0,1,0
2025-12-10,jixianghua888,重庆,未触发黑名单部分,1119,0,39,0,0,0
2025-12-10,meixin888,山东,未触发黑名单部分,25842,0,1410,0,1,0
2025-12-10,xinyongfei666,河北,未触发黑名单部分,40144,0,2209,0,0,0
2025-12-10,jiuwuhua888,陕西,未触发黑名单部分,41218,0,2364,0,0,0
2025-12-10,meixin888,河南,未触发黑名单部分,33858,0,2108,0,0,0
2025-12-10,weiqianbao555,宁夏,31,3750,3750,20,20,0,0
2025-12-10,jixianghua888,广西,未触发黑名单部分,2273,0,54,0,0,0
2025-12-10,haihua888,湖南,31,3,3,0,0,0,0
2025-12-10,zhongandai999,河北,未触发黑名单部分,158370,0,15657,0,0,0
2025-12-10,,云南,未触发黑名单部分,1,0,0,0,0,0
2025-12-10,fenqile888,湖南,未触发黑名单部分,31614,0,888,0,0,0
2025-12-10,fenqile888,安徽,未触发黑名单部分,16951,0,404,0,0,0
2025-12-10,miduoduo888,河北,未触发黑名单部分,204602,0,10240,0,0,0
2025-12-10,zhongandai999,江西,31,10124,10124,94,94,0,0
2025-12-10,weiqianbao888,江苏,未触发黑名单部分,35083,0,1872,0,0,0
2025-12-10,jiuwuhua888,海南,未触发黑名单部分,19741,0,931,0,1,0
2025-12-10,weiqianbao333,广东,未触发黑名单部分,96074,0,4391,0,1,0
2025-12-10,weiqianbao333,宁夏,未触发黑名单部分,7248,0,328,0,0,0
2025-12-10,xinyongfei666,湖北,31,3107,3107,14,14,0,0
2025-12-10,jixianghua888,内蒙古,未触发黑名单部分,3,0,0,0,0,0
2025-12-10,yuedaibao666,黑龙江,未触发黑名单部分,7059,0,473,0,0,0
2025-12-10,yuedaibao999,海南,31,19988,19988,76,76,1,1
2025-12-10,baotai04,湖北,31,2,2,0,0,0,0
2025-12-10,weiqianbao888,云南,31,17080,17080,121,121,0,0
2025-12-10,baotai27,安徽,未触发黑名单部分,87618,0,5154,0,4,0
2025-12-10,yuedaibao999,吉林,未触发黑名单部分,41674,0,2767,0,0,0
2025-12-10,taoyirong999,海南,31,7940,7940,15,15,0,0
2025-12-10,xiaohuifu666,吉林,31,34,34,0,0,0,0
2025-12-10,meixin888,宁夏,未触发黑名单部分,2,0,0,0,0,0
2025-12-10,YSH,湖北,未触发黑名单部分,12043,0,922,0,0,0
2025-12-10,taoyirong999,吉林,31,7568,7568,18,18,0,0
2025-12-10,shuxunda01,辽宁,未触发黑名单部分,4418,0,707,0,0,0
2025-12-10,haozhouzhuan888,宁夏,未触发黑名单部分,22,0,2,0,0,0
2025-12-10,yuedaibao999,海南,未触发黑名单部分,70097,0,3325,0,1,0
2025-12-10,weiqianbao661,山东,31,19286,19286,56,56,0,0
2025-12-10,xinyongfei666,青海,31,75,75,0,0,0,0
2025-12-10,xinyongfei666,广东,未触发黑名单部分,108321,0,7667,0,0,0
2025-12-10,youqian888,江苏,未触发黑名单部分,34094,0,1957,0,0,0
2025-12-10,baotai52,广西,31,7,7,0,0,0,0
2025-12-10,weiqianbao661,山东,未触发黑名单部分,37285,0,2020,0,1,0
2025-12-10,langshun06,甘肃,31,1470,1470,4,4,0,0
2025-12-10,yuedaibao999,云南,未触发黑名单部分,117730,0,7758,0,0,0
2025-12-10,yuedaibao999,吉林,31,24289,24289,111,111,0,0
2025-12-10,zhongandai666,辽宁,31,756,756,7,7,0,0
2025-12-10,taoyirong666,贵州,未触发黑名单部分,6391,0,292,0,1,0
2025-12-10,taoyirong666,新疆,未触发黑名单部分,0,0,0,0,0,0
2025-12-10,xiaohuifu666,广东,未触发黑名单部分,13261,0,1090,0,0,0
2025-12-10,haofenqi888,黑龙江,未触发黑名单部分,19670,0,538,0,0,0
2025-12-10,weiqianbao661,重庆,未触发黑名单部分,14429,0,1058,0,0,0
2025-12-10,weiqianbao333,黑龙江,未触发黑名单部分,8465,0,332,0,0,0
2025-12-10,haozhouzhuan888,广西,31,7,7,0,0,0,0
2025-12-10,baotai27,浙江,31,12728,12728,180,180,2,2
2025-12-10,baotai18,湖北,未触发黑名单部分,3698,0,571,0,0,0
2025-12-10,youqian888,贵州,31,2610,2610,10,10,0,0
2025-12-10,xiaohuifu666,内蒙古,31,94,94,1,1,0,0
2025-12-10,jixianghua888,内蒙古,31,0,0,0,0,0,0
2025-12-10,yuedaibao666,广西,未触发黑名单部分,30659,0,1859,0,1,0
2025-12-10,weiqianbao555,湖南,未触发黑名单部分,220103,0,12402,0,0,0
2025-12-10,yunshenghua888,安徽,31,24174,24174,51,51,0,0
2025-12-10,jiuwuhua888,贵州,未触发黑名单部分,62251,0,3114,0,1,0
2025-12-10,,内蒙古,未触发黑名单部分,1,0,0,0,0,0
2025-12-10,weiqianbao555,辽宁,未触发黑名单部分,45554,0,2505,0,0,0
2025-12-10,weiqianbao333,江西,未触发黑名单部分,24597,0,1139,0,0,0
2025-12-10,yunshenghua888,重庆,31,46709,46709,86,86,0,0
2025-12-10,YSH,陕西,31,6,6,0,0,0,0
2025-12-10,yunshenghua888,甘肃,未触发黑名单部分,16,0,0,0,0,0
2025-12-10,yuedaibao999,重庆,未触发黑名单部分,48234,0,3360,0,0,0
2025-12-10,jirong888,海南,未触发黑名单部分,8658,0,461,0,0,0
2025-12-10,baotai27,甘肃,未触发黑名单部分,15533,0,925,0,3,0
2025-12-10,weiqianbao555,广西,未触发黑名单部分,182971,0,8483,0,0,0
2025-12-10,haofenqi888,云南,31,3135,3135,10,10,0,0
2025-12-10,haofenqi888,浙江,31,5,5,0,0,0,0
2025-12-10,baotai18,新疆,未触发黑名单部分,0,0,0,0,0,0
2025-12-10,weiqianbao661,湖南,31,27471,27471,71,71,0,0
2025-12-10,zhongandai666,江西,未触发黑名单部分,6212,0,485,0,0,0
2025-12-10,xinyongfei666,湖南,未触发黑名单部分,31948,0,2192,0,0,0
2025-12-10,weiqianbao661,河北,未触发黑名单部分,37137,0,2343,0,0,0
2025-12-10,langshun08,贵州,31,1601,1601,5,5,0,0
2025-12-10,jixianghua888,河北,未触发黑名单部分,1230,0,36,0,0,0
2025-12-10,jirong888,江西,31,3819,3819,16,16,0,0
2025-12-10,youqian888,湖北,31,964,964,7,7,0,0
2025-12-10,haozhouzhuan888,湖南,未触发黑名单部分,273020,0,6103,0,0,0
2025-12-10,miduoduo888,甘肃,31,34643,34643,142,142,0,0
2025-12-10,fenqile888,广西,未触发黑名单部分,36801,0,1632,0,1,0
2025-12-10,yuedaibao999,安徽,未触发黑名单部分,83337,0,5519,0,0,0
2025-12-10,yuedaibao666,广东,31,11075,11075,35,35,0,0
2025-12-10,fenqile888,河北,31,5902,5902,23,23,0,0
2025-12-10,xinyongfei666,辽宁,未触发黑名单部分,16567,0,1076,0,0,0
2025-12-10,baotai04,河南,31,3,3,0,0,0,0
2025-12-10,baotai04,安徽,31,0,0,0,0,0,0
2025-12-10,MYtest01,江苏,未触发黑名单部分,0,0,0,0,0,0
2025-12-10,weiqianbao333,吉林,31,6485,6485,17,17,0,0
2025-12-10,fenqile888,云南,31,2401,2401,7,7,0,0
2025-12-10,huirong888,宁夏,未触发黑名单部分,5,0,0,0,0,0
2025-12-10,zhongandai666,河北,31,1601,1601,12,12,0,0
2025-12-10,,北京,未触发黑名单部分,0,0,0,0,0,0
2025-12-10,langshun06,贵州,未触发黑名单部分,17827,0,905,0,1,0
2025-12-10,yuedaibao666,辽宁,31,1517,1517,14,14,0,0
2025-12-10,youqian888,甘肃,未触发黑名单部分,1717,0,138,0,0,0
2025-12-10,haozhouzhuan888,河北,未触发黑名单部分,174187,0,3807,0,0,0
2025-12-10,baotai10,陕西,未触发黑名单部分,62387,0,5055,0,0,0
2025-12-10,meixin888,山西,未触发黑名单部分,24212,0,1320,0,0,0
2025-12-10,yunshenghua888,吉林,31,10,10,0,0,0,0
2025-12-10,baotai27,陕西,未触发黑名单部分,426080,0,28973,0,68,0
2025-12-10,xinyongfei666,黑龙江,31,981,981,7,7,0,0
2025-12-10,jixianghua888,山西,未触发黑名单部分,358,0,9,0,0,0
2025-12-10,jirong888,新疆,未触发黑名单部分,0,0,0,0,0,0
2025-12-10,meixin888,福建,未触发黑名单部分,23865,0,1238,0,2,0
2025-12-10,haofenqi888,海南,未触发黑名单部分,8,0,0,0,0,0
2025-12-10,yunshenghua888,福建,未触发黑名单部分,50,0,1,0,0,0
2025-12-10,meixin888,内蒙古,未触发黑名单部分,32,0,0,0,0,0
2025-12-10,YSH,重庆,未触发黑名单部分,3,0,0,0,0,0
2025-12-10,jirong888,吉林,未触发黑名单部分,12749,0,745,0,0,0
2025-12-10,weiqianbao661,黑龙江,未触发黑名单部分,12406,0,687,0,0,0
2025-12-10,baotai27,广东,31,5513,5513,18,18,0,0
2025-12-10,baotai18,江西,31,82,82,6,6,0,0
2025-12-10,fenqile888,重庆,31,1849,1849,8,8,0,0
2025-12-10,baotai27,浙江,未触发黑名单部分,677048,0,87469,0,125,0
2025-12-10,baotai52,安徽,未触发黑名单部分,6636,0,983,0,0,0
2025-12-10,haofenqi888,甘肃,未触发黑名单部分,18648,0,453,0,0,0
2025-12-10,jirong888,湖北,31,7427,7427,22,22,0,0
2025-12-10,jixianghua888,浙江,未触发黑名单部分,972,0,42,0,0,0
2025-12-10,haofenqi888,黑龙江,31,2560,2560,13,13,0,0
2025-12-10,langshun06,江西,31,1673,1673,4,4,0,0
2025-12-10,taoyirong999,湖北,31,25503,25503,39,39,0,0
2025-12-10,huirong888,湖北,31,8325,8325,39,39,0,0
2025-12-10,yunshenghua888,山西,31,3907,3907,21,21,0,0
2025-12-10,shuxunda01,河南,31,613,613,4,4,0,0
2025-12-10,miduoduo888,广西,未触发黑名单部分,452261,0,21816,0,3,0
2025-12-10,xinyongfei666,江西,31,2164,2164,14,14,0,0
2025-12-10,miduoduo888,广西,31,118177,118177,535,535,0,0
2025-12-10,youqian888,海南,未触发黑名单部分,4,0,0,0,0,0
2025-12-10,meixin888,江西,未触发黑名单部分,19844,0,1177,0,0,0
2025-12-10,weiqianbao333,贵州,未触发黑名单部分,40890,0,1315,0,0,0
2025-12-10,shuxunda01,安徽,未触发黑名单部分,5112,0,823,0,0,0
2025-12-10,jixianghua888,山东,31,2108,2108,3,3,0,0
2025-12-10,yunshenghua888,山西,未触发黑名单部分,16856,0,941,0,0,0
2025-12-10,zhongandai999,江苏,31,29972,29972,291,291,0,0
2025-12-10,baotai52,河南,31,921,921,11,11,0,0
2025-12-10,baotai10,山西,未触发黑名单部分,73852,0,4969,0,0,0
2025-12-10,yuedaibao666,湖北,未触发黑名单部分,23805,0,1458,0,0,0
2025-12-10,,广东,未触发黑名单部分,25,0,2,0,0,0
2025-12-10,weiqianbao888,黑龙江,31,5328,5328,46,46,0,0
2025-12-10,YSH,湖南,31,282,282,3,3,0,0
2025-12-10,zhongandai666,宁夏,31,167,167,1,1,0,0
2025-12-10,baotai10,安徽,31,7210,7210,42,42,0,0
2025-12-10,zhongandai666,江苏,未触发黑名单部分,14488,0,1345,0,0,0
2025-12-10,YSH,湖北,31,938,938,1,1,0,0
2025-12-10,haihua888,内蒙古,未触发黑名单部分,6,0,0,0,0,0
2025-12-10,xinyongfei666,山西,未触发黑名单部分,30053,0,1558,0,0,0
2025-12-10,YSH,宁夏,未触发黑名单部分,2,0,0,0,0,0
2025-12-10,baotai04,甘肃,31,0,0,0,0,0,0
2025-12-10,,安徽,未触发黑名单部分,8,0,0,0,0,0
2025-12-10,taoyirong666,辽宁,31,1643,1643,1,1,0,0
2025-12-10,meixin888,河北,31,12351,12351,13,13,0,0
2025-12-10,zhongandai666,安徽,31,1065,1065,4,4,0,0
2025-12-10,xinyongfei666,天津,31,950,950,4,4,0,0
2025-12-10,baotai27,湖北,未触发黑名单部分,354922,0,24606,0,52,0
2025-12-10,weiqianbao661,广西,31,29085,29085,115,115,0,0
2025-12-10,baotai52,山西,31,456,456,5,5,0,0
2025-12-10,baotai52,河北,31,638,638,4,4,0,0
2025-12-10,huirong888,陕西,31,6600,6600,19,19,0,0
2025-12-10,miduoduo888,海南,未触发黑名单部分,120620,0,5418,0,1,0
2025-12-10,jirong888,内蒙古,未触发黑名单部分,19979,0,1130,0,0,0
2025-12-10,taoyirong666,云南,未触发黑名单部分,2079,0,97,0,0,0
2025-12-10,weiqianbao888,安徽,未触发黑名单部分,21395,0,1115,0,0,0
2025-12-10,langshun06,浙江,31,5953,5953,49,49,0,0
2025-12-10,miduoduo888,贵州,未触发黑名单部分,221233,0,9712,0,0,0
2025-12-10,weiqianbao661,内蒙古,未触发黑名单部分,18374,0,1298,0,1,0
2025-12-10,shuxunda01,吉林,未触发黑名单部分,2947,0,433,0,0,0
2025-12-10,langshun08,福建,未触发黑名单部分,22108,0,1535,0,0,0
2025-12-10,baotai18,山东,未触发黑名单部分,9461,0,1251,0,0,0
2025-12-10,baotai04,江苏,未触发黑名单部分,9,0,0,0,0,0
2025-12-10,yuedaibao666,安徽,未触发黑名单部分,18269,0,1176,0,0,0
2025-12-10,shuxunda01,江西,31,375,375,4,4,0,0
2025-12-10,meixin888,河南,31,15657,15657,37,37,0,0
2025-12-10,yuedaibao666,湖南,31,4763,4763,18,18,0,0
2025-12-10,fenqile888,甘肃,31,2266,2266,5,5,0,0
2025-12-10,yuedaibao666,江苏,31,3799,3799,31,31,0,0
2025-12-10,langshun08,浙江,未触发黑名单部分,52087,0,5087,0,1,0
2025-12-10,taoyirong666,广西,未触发黑名单部分,3860,0,129,0,0,0
2025-12-10,shuxunda01,广西,31,615,615,4,4,0,0
2025-12-10,langshun06,云南,未触发黑名单部分,22262,0,1999,0,0,0
2025-12-10,yuedaibao999,贵州,未触发黑名单部分,93419,0,5188,0,0,0
2025-12-10,zhongandai666,河南,31,1996,1996,13,13,0,0
2025-12-10,weiqianbao333,江苏,31,27483,27483,90,90,0,0
2025-12-10,huirong888,江苏,未触发黑名单部分,25042,0,1577,0,1,0
2025-12-10,xiaohuifu666,河南,未触发黑名单部分,8978,0,581,0,0,0
2025-12-10,weiqianbao333,山东,31,19659,19659,54,54,0,0
2025-12-10,xiaohuifu666,安徽,31,141,141,0,0,0,0
2025-12-10,haozhouzhuan888,江西,未触发黑名单部分,91947,0,2120,0,0,0
2025-12-10,taoyirong999,上海,未触发黑名单部分,22703,0,659,0,0,0
2025-12-10,jirong888,浙江,未触发黑名单部分,39076,0,2551,0,0,0
2025-12-10,weiqianbao661,青海,未触发黑名单部分,6391,0,540,0,0,0
2025-12-10,weiqianbao888,湖北,未触发黑名单部分,27955,0,1413,0,0,0
2025-12-10,meixin888,湖南,31,18862,18862,34,34,0,0
2025-12-10,yuedaibao999,辽宁,31,21438,21438,79,79,0,0
2025-12-10,baotai10,江苏,未触发黑名单部分,136806,0,12775,0,0,0
2025-12-10,haozhouzhuan888,山西,31,98475,98475,306,306,0,0
2025-12-10,haozhouzhuan888,河北,31,129090,129090,406,406,0,0
2025-12-10,yunshenghua888,内蒙古,31,3546,3546,23,23,0,0
2025-12-10,baotai52,黑龙江,未触发黑名单部分,2501,0,368,0,0,0
2025-12-10,baotai52,青海,未触发黑名单部分,858,0,142,0,0,0
2025-12-10,weiqianbao555,天津,未触发黑名单部分,21682,0,1006,0,0,0
2025-12-10,meixin888,河北,未触发黑名单部分,25394,0,1428,0,0,0
2025-12-10,weiqianbao661,黑龙江,31,5824,5824,24,24,0,0
2025-12-10,weiqianbao555,浙江,未触发黑名单部分,170109,0,14134,0,0,0
2025-12-10,taoyirong999,广西,未触发黑名单部分,77540,0,2774,0,0,0
2025-12-10,taoyirong999,广西,31,19610,19610,26,26,0,0
2025-12-10,taoyirong999,湖南,31,23360,23360,32,32,0,0
2025-12-10,shuxunda01,黑龙江,未触发黑名单部分,2562,0,381,0,0,0
2025-12-10,zhongandai666,天津,未触发黑名单部分,1556,0,112,0,0,0
2025-12-10,yuedaibao666,青海,未触发黑名单部分,2,0,0,0,0,0
2025-12-10,haozhouzhuan888,湖北,31,120313,120313,355,355,0,0
2025-12-10,taoyirong999,河北,31,15692,15692,28,28,0,0
2025-12-10,langshun06,广东,31,2568,2568,3,3,0,0
2025-12-10,langshun08,河南,未触发黑名单部分,14804,0,1190,0,0,0
2025-12-10,weiqianbao555,内蒙古,未触发黑名单部分,57786,0,3189,0,0,0
2025-12-10,baotai10,广东,31,16398,16398,91,91,0,0
2025-12-10,jirong888,辽宁,31,3335,3335,12,12,0,0
2025-12-10,zhongandai999,贵州,31,8,8,0,0,0,0
2025-12-10,baotai27,云南,未触发黑名单部分,543946,0,35303,0,73,0
2025-12-10,langshun06,山西,31,1919,1919,2,2,0,0
2025-12-10,fenqile888,云南,未触发黑名单部分,23714,0,807,0,0,0
2025-12-10,huirong888,黑龙江,31,2576,2576,11,11,0,0
2025-12-10,fenqile888,宁夏,未触发黑名单部分,5580,0,153,0,0,0
2025-12-10,kaishi01,广东,未触发黑名单部分,25,0,7,0,0,0
2025-12-10,fenqile888,内蒙古,31,1703,1703,11,11,0,0
2025-12-10,jixianghua888,陕西,未触发黑名单部分,685,0,17,0,0,0
2025-12-10,baotai18,陕西,31,131,131,7,7,0,0
2025-12-10,taoyirong666,海南,31,971,971,2,2,0,0
2025-12-10,baotai10,福建,31,6378,6378,57,57,0,0
2025-12-10,miduoduo888,湖北,31,86002,86002,295,295,0,0
2025-12-10,haihua888,湖南,未触发黑名单部分,15,0,0,0,0,0
2025-12-10,xinyongfei666,浙江,31,2566,2566,27,27,0,0
2025-12-10,huirong888,青海,未触发黑名单部分,5,0,2,0,0,0
2025-12-10,,湖南,未触发黑名单部分,2,0,0,0,0,0
2025-12-10,jiuwuhua888,湖南,未触发黑名单部分,83333,0,5708,0,1,0
2025-12-10,haofenqi888,河南,31,19152,19152,86,86,0,0
2025-12-10,yuedaibao666,西藏,未触发黑名单部分,0,0,0,0,0,0
2025-12-10,yuedaibao999,内蒙古,31,9476,9476,66,66,0,0
2025-12-10,taoyirong999,辽宁,31,7157,7157,18,18,0,0
2025-12-10,weiqianbao661,陕西,31,20214,20214,60,60,0,0
2025-12-10,jiuwuhua888,宁夏,未触发黑名单部分,10275,0,694,0,0,0
2025-12-10,jiuwuhua888,辽宁,31,2989,2989,12,12,0,0
2025-12-10,YSH,贵州,未触发黑名单部分,2728,0,371,0,0,0
2025-12-10,weiqianbao661,江西,31,11756,11756,45,45,1,1
2025-12-10,haozhouzhuan888,青海,未触发黑名单部分,14,0,2,0,0,0
2025-12-10,MYtest01,上海,未触发黑名单部分,0,0,0,0,0,0
2025-12-10,weiqianbao333,甘肃,未触发黑名单部分,19051,0,705,0,0,0
2025-12-10,yunshenghua888,宁夏,31,2,2,0,0,0,0
2025-12-10,jiuwuhua888,广东,31,30091,30091,121,121,0,0
2025-12-10,shuxunda01,四川,未触发黑名单部分,7554,0,1244,0,0,0
2025-12-10,miduoduo888,云南,31,65130,65130,367,367,0,0
2025-12-10,haihua888,安徽,31,714,714,2,2,0,0
2025-12-10,,贵州,未触发黑名单部分,3,0,0,0,0,0
2025-12-10,yuedaibao666,新疆,未触发黑名单部分,0,0,0,0,0,0
2025-12-10,weiqianbao333,海南,未触发黑名单部分,14784,0,363,0,0,0
2025-12-10,YSH,山西,未触发黑名单部分,8670,0,748,0,0,0
2025-12-10,taoyirong666,浙江,未触发黑名单部分,9067,0,591,0,1,0
2025-12-10,jixianghua888,河北,31,975,975,2,2,0,0
2025-12-10,shuxunda01,山东,31,721,721,3,3,0,0
2025-12-10,shuxunda01,天津,31,188,188,1,1,0,0
2025-12-10,xiaohuifu666,海南,未触发黑名单部分,0,0,0,0,0,0
2025-12-10,langshun08,辽宁,31,1,1,0,0,0,0
2025-12-10,zhongandai666,陕西,31,1086,1086,8,8,0,0
2025-12-10,jixianghua888,山西,31,324,324,0,0,0,0
2025-12-10,haozhouzhuan888,贵州,31,81339,81339,152,152,0,0
2025-12-10,yuedaibao999,福建,未触发黑名单部分,91183,0,5139,0,1,0
2025-12-10,jixianghua888,新疆,未触发黑名单部分,0,0,0,0,0,0
2025-12-10,zhongandai666,江西,31,874,874,10,10,0,0
2025-12-10,fenqile888,辽宁,未触发黑名单部分,12073,0,265,0,0,0
2025-12-10,baotai52,内蒙古,31,383,383,0,0,0,0
2025-12-10,weiqianbao555,浙江,31,52831,52831,261,261,0,0
2025-12-10,weiqianbao661,广东,未触发黑名单部分,136572,0,9791,0,2,0
2025-12-10,haozhouzhuan888,陕西,未触发黑名单部分,159987,0,3692,0,0,0
2025-12-10,baotai27,四川,未触发黑名单部分,490606,0,41903,0,64,0
2025-12-10,haihua888,江苏,未触发黑名单部分,7411,0,1005,0,0,0
2025-12-10,fenqile888,山东,31,7181,7181,19,19,0,0
2025-12-10,youqian888,湖南,未触发黑名单部分,5095,0,342,0,0,0
2025-12-10,baotai10,辽宁,31,4427,4427,34,34,0,0
2025-12-10,miduoduo888,内蒙古,未触发黑名单部分,374,0,2,0,0,0
2025-12-10,baotai04,广东,未触发黑名单部分,426936,0,23053,0,16,0
2025-12-10,yuedaibao999,云南,31,37356,37356,247,247,0,0
2025-12-10,baotai52,河南,未触发黑名单部分,10916,0,1360,0,0,0
2025-12-10,weiqianbao333,四川,未触发黑名单部分,35389,0,1428,0,0,0
2025-12-10,huirong888,山东,31,7358,7358,26,26,0,0
2025-12-10,baotai04,江西,未触发黑名单部分,2,0,1,0,0,0
2025-12-10,weiqianbao661,河北,31,17924,17924,55,55,0,0
2025-12-10,shuxunda01,重庆,31,280,280,0,0,0,0
2025-12-10,weiqianbao333,广西,31,38212,38212,105,105,0,0
2025-12-10,yuedaibao666,河北,未触发黑名单部分,30142,0,1851,0,0,0
2025-12-10,baotai18,吉林,未触发黑名单部分,1282,0,190,0,0,0
2025-12-10,fenqile888,湖北,未触发黑名单部分,18659,0,461,0,0,0
2025-12-10,yuedaibao666,辽宁,未触发黑名单部分,11558,0,1010,0,0,0
2025-12-10,xinyongfei666,上海,未触发黑名单部分,20813,0,1109,0,0,0
2025-12-10,yuedaibao999,浙江,未触发黑名单部分,122302,0,11680,0,0,0
2025-12-10,fenqile888,山西,31,3473,3473,10,10,0,0
2025-12-10,jiuwuhua888,内蒙古,31,3626,3626,15,15,0,0
2025-12-10,jiuwuhua888,浙江,未触发黑名单部分,53270,0,4413,0,3,0
2025-12-10,youqian888,广东,31,11986,11986,22,22,0,0
2025-12-10,baotai04,山西,未触发黑名单部分,43953,0,2529,0,3,0
2025-12-10,langshun06,天津,31,2265,2265,10,10,0,0
2025-12-10,baotai18,湖南,未触发黑名单部分,935,0,212,0,0,0
2025-12-10,xiaohuifu666,湖南,未触发黑名单部分,7500,0,504,0,0,0
2025-12-10,langshun08,湖北,未触发黑名单部分,9309,0,392,0,0,0
2025-12-10,baotai18,湖北,31,130,130,7,7,0,0
2025-12-10,xinyongfei666,湖北,未触发黑名单部分,30889,0,1612,0,1,0
2025-12-10,weiqianbao661,广东,31,64356,64356,184,184,0,0
2025-12-10,yuedaibao999,江西,未触发黑名单部分,65440,0,4507,0,1,0
2025-12-10,taoyirong666,天津,31,1267,1267,2,2,0,0
2025-12-10,kaishi01,浙江,未触发黑名单部分,2214,0,630,0,0,0
2025-12-10,haozhouzhuan888,广西,未触发黑名单部分,79,0,11,0,0,0
2025-12-10,baotai27,福建,31,6267,6267,89,89,1,1
2025-12-10,jixianghua888,江苏,31,2127,2127,6,6,0,0
2025-12-10,,辽宁,未触发黑名单部分,1,0,0,0,0,0
2025-12-10,huirong888,广东,未触发黑名单部分,67047,0,4973,0,0,0
2025-12-10,haihua888,广东,31,3631,3631,13,13,0,0
2025-12-10,miduoduo888,山东,31,109985,109985,399,399,0,0
2025-12-10,meixin888,天津,未触发黑名单部分,4052,0,474,0,0,0
2025-12-10,zhongandai666,黑龙江,31,43,43,0,0,0,0
2025-12-10,taoyirong999,西藏,未触发黑名单部分,0,0,0,0,0,0
2025-12-10,jiuwuhua888,江苏,未触发黑名单部分,47782,0,2642,0,0,0
2025-12-10,huirong888,河南,未触发黑名单部分,10956,0,758,0,0,0
2025-12-10,huirong888,福建,31,17179,17179,73,73,0,0
2025-12-10,,江西,31,0,0,0,0,0,0
2025-12-10,kaishi01,陕西,未触发黑名单部分,1,0,0,0,0,0
2025-12-10,huirong888,辽宁,未触发黑名单部分,5365,0,429,0,0,0
2025-12-10,zhongandai999,河南,31,27242,27242,170,170,0,0
2025-12-10,baotai27,吉林,31,2189,2189,16,16,0,0
2025-12-10,jirong888,湖北,未触发黑名单部分,33989,0,1626,0,0,0
2025-12-10,shuxunda01,宁夏,31,153,153,1,1,0,0
2025-12-10,jirong888,内蒙古,31,3070,3070,17,17,0,0
2025-12-10,jiuwuhua888,内蒙古,未触发黑名单部分,19936,0,1277,0,3,0
2025-12-10,xinyongfei666,广西,31,2,2,0,0,0,0
2025-12-10,taoyirong666,福建,未触发黑名单部分,5083,0,268,0,0,0
2025-12-10,xinyongfei666,四川,31,4415,4415,34,34,0,0
2025-12-10,miduoduo888,广东,未触发黑名单部分,738071,0,38628,0,1,0
2025-12-10,taoyirong999,重庆,31,12737,12737,23,23,0,0
2025-12-10,haihua888,福建,31,3,3,0,0,0,0
2025-12-10,meixin888,黑龙江,未触发黑名单部分,8279,0,518,0,0,0
2025-12-10,jixianghua888,海南,31,0,0,0,0,0,0
2025-12-10,zhongandai999,吉林,未触发黑名单部分,46166,0,4593,0,0,0
2025-12-10,xinyongfei666,江苏,未触发黑名单部分,59090,0,3316,0,1,0
2025-12-10,haofenqi888,内蒙古,未触发黑名单部分,22486,0,480,0,0,0
2025-12-10,yuedaibao666,内蒙古,未触发黑名单部分,5754,0,463,0,1,0
2025-12-10,meixin888,浙江,未触发黑名单部分,21601,0,1752,0,1,0
2025-12-10,taoyirong999,宁夏,未触发黑名单部分,5119,0,193,0,0,0
2025-12-10,fenqile888,宁夏,31,754,754,5,5,0,0
2025-12-10,jirong888,山西,31,2664,2664,14,14,0,0
2025-12-10,jiuwuhua888,河南,31,10695,10695,39,39,0,0
2025-12-10,fenqile888,上海,31,3583,3583,18,18,0,0
2025-12-10,xinyongfei666,湖南,31,2566,2566,13,13,0,0
2025-12-10,kaishi01,安徽,未触发黑名单部分,8,0,2,0,0,0
2025-12-10,kaishi01,新疆,未触发黑名单部分,0,0,0,0,0,0
2025-12-10,jirong888,河北,31,8395,8395,33,33,0,0
2025-12-10,langshun08,河北,31,3310,3310,13,13,0,0
2025-12-10,huirong888,四川,未触发黑名单部分,24687,0,1926,0,0,0
2025-12-10,weiqianbao888,青海,未触发黑名单部分,4810,0,303,0,0,0
2025-12-10,fenqile888,贵州,31,2366,2366,9,9,0,0
2025-12-10,baotai18,安徽,未触发黑名单部分,4764,0,649,0,0,0
2025-12-10,baotai18,云南,31,53,53,5,5,0,0
2025-12-10,xinyongfei666,广西,未触发黑名单部分,14,0,0,0,0,0
2025-12-10,yunshenghua888,上海,31,57804,57804,128,128,0,0
2025-12-10,shuxunda01,河南,未触发黑名单部分,7441,0,1039,0,0,0
2025-12-10,baotai52,四川,31,453,453,1,1,0,0
2025-12-10,miduoduo888,辽宁,31,29850,29850,100,100,0,0
2025-12-10,langshun08,四川,31,3738,3738,24,24,0,0
2025-12-10,taoyirong666,吉林,未触发黑名单部分,5208,0,272,0,0,0
2025-12-10,taoyirong666,重庆,未触发黑名单部分,3375,0,156,0,0,0
2025-12-10,baotai52,黑龙江,31,134,134,1,1,0,0
2025-12-10,huirong888,新疆,未触发黑名单部分,0,0,0,0,0,0
2025-12-10,jirong888,江西,未触发黑名单部分,22770,0,1314,0,1,0
2025-12-10,weiqianbao661,贵州,31,20698,20698,47,47,1,1
2025-12-10,weiqianbao888,陕西,31,19842,19842,77,77,0,0
2025-12-10,baotai27,湖南,未触发黑名单部分,485907,0,32227,0,61,0
2025-12-10,huirong888,广西,31,16750,16750,65,65,0,0
2025-12-10,jirong888,甘肃,31,2742,2742,8,8,0,0
2025-12-10,jirong888,陕西,31,6152,6152,23,23,0,0
2025-12-10,weiqianbao888,内蒙古,31,5434,5434,51,51,0,0
2025-12-10,weiqianbao888,河南,未触发黑名单部分,37189,0,2037,0,1,0
2025-12-10,langshun06,重庆,未触发黑名单部分,32248,0,2522,0,0,0
2025-12-10,meixin888,上海,31,3365,3365,5,5,0,0
2025-12-10,baotai10,河北,未触发黑名单部分,103990,0,9104,0,0,0
2025-12-10,weiqianbao888,湖南,未触发黑名单部分,47614,0,2606,0,0,0
2025-12-10,weiqianbao661,辽宁,31,6540,6540,18,18,0,0
2025-12-10,jirong888,福建,未触发黑名单部分,28524,0,1477,0,0,0
2025-12-10,taoyirong999,广东,未触发黑名单部分,215788,0,8946,0,0,0
2025-12-10,weiqianbao555,河北,未触发黑名单部分,143167,0,7366,0,0,0
2025-12-10,jirong888,浙江,31,5566,5566,25,25,0,0
2025-12-10,xinyongfei666,广东,31,7424,7424,44,44,0,0
2025-12-10,haihua888,广西,未触发黑名单部分,2,0,1,0,0,0
2025-12-10,baotai10,宁夏,31,1043,1043,8,8,0,0
2025-12-10,baotai18,贵州,31,19,19,0,0,0,0
2025-12-10,jiuwuhua888,广西,未触发黑名单部分,75494,0,4389,0,1,0
2025-12-10,xiaohuifu666,宁夏,31,35,35,0,0,0,0
2025-12-10,baotai10,吉林,未触发黑名单部分,29680,0,2629,0,0,0
2025-12-10,yuedaibao999,山东,31,95662,95662,327,327,0,0
2025-12-10,jiuwuhua888,辽宁,未触发黑名单部分,18387,0,1064,0,1,0
2025-12-10,youqian888,山西,31,4110,4110,19,19,0,0
2025-12-10,fenqile888,湖南,31,6651,6651,19,19,0,0
2025-12-10,xinyongfei666,陕西,未触发黑名单部分,21876,0,1160,0,1,0
2025-12-10,weiqianbao333,内蒙古,31,4593,4593,18,18,0,0
2025-12-10,weiqianbao555,湖南,31,74696,74696,200,200,0,0
2025-12-10,xiaohuifu666,重庆,31,38,38,0,0,0,0
2025-12-10,meixin888,湖北,31,12759,12759,34,34,0,0
2025-12-10,baotai04,重庆,未触发黑名单部分,8,0,1,0,0,0
2025-12-10,haihua888,青海,未触发黑名单部分,1,0,0,0,0,0
2025-12-10,xinyongfei666,安徽,31,2869,2869,12,12,0,0
2025-12-10,jixianghua888,吉林,31,249,249,1,1,0,0
2025-12-10,haihua888,新疆,未触发黑名单部分,0,0,0,0,0,0
2025-12-10,haihua888,河南,未触发黑名单部分,35,0,0,0,0,0
2025-12-10,xiaohuifu666,江苏,未触发黑名单部分,15972,0,1085,0,0,0
2025-12-10,jixianghua888,云南,31,716,716,2,2,0,0
2025-12-10,weiqianbao888,重庆,31,7557,7557,23,23,0,0
2025-12-10,langshun06,广西,31,2814,2814,3,3,0,0
2025-12-10,langshun06,江苏,31,9877,9877,31,31,0,0
2025-12-10,taoyirong666,海南,未触发黑名单部分,2453,0,134,0,0,0
2025-12-10,yuedaibao666,宁夏,31,242,242,1,1,0,0
2025-12-10,haozhouzhuan888,重庆,未触发黑名单部分,69491,0,1389,0,0,0
2025-12-10,langshun08,湖南,31,1736,1736,10,10,0,0
2025-12-10,taoyirong666,山西,31,2461,2461,8,8,0,0
2025-12-10,baotai52,天津,31,169,169,1,1,0,0
2025-12-10,miduoduo888,内蒙古,31,42,42,0,0,0,0
2025-12-10,huirong888,贵州,31,12741,12741,22,22,0,0
2025-12-10,weiqianbao888,内蒙古,未触发黑名单部分,14711,0,698,0,1,0
2025-12-10,baotai27,辽宁,未触发黑名单部分,114064,0,9555,0,14,0
2025-12-10,langshun06,贵州,31,1445,1445,0,0,0,0
2025-12-10,shuxunda01,内蒙古,未触发黑名单部分,2,0,0,0,0,0
2025-12-10,,广东,31,0,0,0,0,0,0
2025-12-10,kaishi01,海南,未触发黑名单部分,1,0,1,0,0,0
2025-12-10,zhongandai666,广东,31,3394,3394,28,28,0,0
2025-12-10,weiqianbao555,陕西,31,58983,58983,162,162,0,0
2025-12-10,langshun08,江苏,31,4405,4405,39,39,0,0
2025-12-10,baotai27,重庆,31,4251,4251,25,25,0,0
2025-12-10,yunshenghua888,河南,未触发黑名单部分,165795,0,8925,0,1,0
2025-12-10,xinyongfei666,浙江,未触发黑名单部分,51660,0,5000,0,1,0
2025-12-10,weiqianbao888,甘肃,31,10667,10667,60,60,0,0
2025-12-10,langshun08,云南,31,1955,1955,11,11,0,0
2025-12-10,baotai18,辽宁,未触发黑名单部分,2585,0,345,0,0,0
2025-12-10,jirong888,福建,31,5066,5066,28,28,0,0
2025-12-10,baotai27,辽宁,31,1799,1799,15,15,0,0
2025-12-10,youqian888,四川,未触发黑名单部分,39483,0,2430,0,1,0
2025-12-10,zhongandai999,云南,31,2951,2951,18,18,0,0
2025-12-10,haozhouzhuan888,安徽,31,87147,87147,217,217,0,0
2025-12-10,baotai10,四川,31,10737,10737,113,113,0,0
2025-12-10,xinyongfei666,青海,未触发黑名单部分,2655,0,204,0,0,0
2025-12-10,haofenqi888,青海,31,296,296,1,1,0,0
2025-12-10,huirong888,上海,未触发黑名单部分,3,0,1,0,0,0
2025-12-10,taoyirong999,黑龙江,31,4998,4998,3,3,0,0
2025-12-10,miduoduo888,辽宁,未触发黑名单部分,73163,0,4411,0,0,0
2025-12-10,yuedaibao999,广西,未触发黑名单部分,222359,0,11644,0,1,0
2025-12-10,miduoduo888,湖南,31,118424,118424,371,371,0,0
2025-12-10,baotai52,青海,31,17,17,1,1,0,0
2025-12-10,taoyirong999,内蒙古,未触发黑名单部分,103,0,2,0,0,0
2025-12-10,weiqianbao333,山东,未触发黑名单部分,25833,0,930,0,0,0
2025-12-10,langshun06,黑龙江,31,907,907,3,3,0,0
2025-12-10,huirong888,上海,31,0,0,0,0,0,0
2025-12-10,baotai04,海南,未触发黑名单部分,6,0,0,0,0,0
2025-12-10,langshun06,陕西,31,3689,3689,10,10,0,0
2025-12-10,huirong888,甘肃,未触发黑名单部分,5566,0,361,0,0,0
2025-12-10,jiuwuhua888,天津,31,1295,1295,4,4,0,0
2025-12-10,xinyongfei666,山西,31,3029,3029,13,13,0,0
2025-12-10,baotai18,山东,31,301,301,20,20,0,0
2025-12-10,miduoduo888,甘肃,未触发黑名单部分,142013,0,8223,0,0,0
2025-12-10,weiqianbao888,贵州,31,20083,20083,69,69,0,0
2025-12-10,jixianghua888,江苏,未触发黑名单部分,1946,0,55,0,1,0
2025-12-10,shuxunda01,上海,31,581,581,3,3,0,0
2025-12-10,taoyirong999,江苏,31,41981,41981,103,103,0,0
2025-12-10,weiqianbao888,甘肃,未触发黑名单部分,20143,0,933,0,0,0
2025-12-10,weiqianbao888,广西,31,32789,32789,187,187,0,0
2025-12-10,yunshenghua888,河南,31,43513,43513,160,160,0,0
2025-12-10,miduoduo888,浙江,31,80936,80936,251,251,0,0
2025-12-10,langshun08,湖南,未触发黑名单部分,20890,0,1519,0,1,0
2025-12-10,haofenqi888,山西,31,7,7,0,0,0,0
2025-12-10,kaishi01,广西,未触发黑名单部分,0,0,0,0,0,0
2025-12-10,weiqianbao555,上海,未触发黑名单部分,39694,0,1488,0,0,0
2025-12-10,weiqianbao333,福建,31,20430,20430,79,79,0,0
2025-12-10,weiqianbao888,福建,31,16302,16302,143,143,0,0
2025-12-10,haozhouzhuan888,陕西,31,123635,123635,319,319,0,0
2025-12-10,baotai27,江苏,31,16415,16415,228,228,0,0
2025-12-10,taoyirong999,天津,未触发黑名单部分,9733,0,424,0,0,0
2025-12-10,YSH,云南,未触发黑名单部分,5860,0,506,0,0,0
2025-12-10,baotai52,内蒙古,未触发黑名单部分,4600,0,602,0,0,0
2025-12-10,zhongandai999,山东,31,26431,26431,214,214,0,0
2025-12-10,haozhouzhuan888,天津,未触发黑名单部分,16691,0,265,0,0,0
2025-12-10,langshun06,四川,未触发黑名单部分,62031,0,4956,0,0,0
2025-12-10,weiqianbao333,吉林,未触发黑名单部分,8799,0,314,0,0,0
2025-12-10,yunshenghua888,陕西,未触发黑名单部分,35837,0,1840,0,0,0
2025-12-10,baotai27,河南,31,11499,11499,97,97,0,0
2025-12-10,langshun06,河南,31,2661,2661,5,5,0,0
2025-12-10,haofenqi888,上海,未触发黑名单部分,18603,0,424,0,0,0
2025-12-10,youqian888,重庆,未触发黑名单部分,3,0,0,0,0,0
2025-12-10,meixin888,湖南,未触发黑名单部分,40738,0,2375,0,0,0
2025-12-10,meixin888,新疆,未触发黑名单部分,0,0,0,0,0,0
2025-12-10,haozhouzhuan888,山东,31,166092,166092,405,405,0,0
2025-12-10,taoyirong999,浙江,31,26392,26392,79,79,1,1
2025-12-10,taoyirong999,陕西,未触发黑名单部分,76241,0,2611,0,1,0
2025-12-10,baotai04,广西,未触发黑名单部分,59824,0,3463,0,3,0
2025-12-10,haozhouzhuan888,内蒙古,未触发黑名单部分,269,0,4,0,0,0
2025-12-10,yuedaibao999,安徽,31,46794,46794,227,227,0,0
2025-12-10,haofenqi888,江苏,31,13293,13293,50,50,0,0
2025-12-10,huirong888,内蒙古,31,8,8,0,0,0,0
2025-12-10,haihua888,河北,31,1,1,0,0,0,0
2025-12-10,taoyirong666,浙江,31,4424,4424,8,8,1,1
2025-12-10,jiuwuhua888,青海,未触发黑名单部分,7240,0,577,0,0,0
2025-12-10,miduoduo888,四川,未触发黑名单部分,208340,0,10812,0,2,0
2025-12-10,baotai04,湖北,未触发黑名单部分,65,0,4,0,0,0
2025-12-10,baotai27,内蒙古,31,1853,1853,31,31,0,0
2025-12-10,xinyongfei666,福建,31,150,150,2,2,0,0
2025-12-10,jirong888,西藏,未触发黑名单部分,0,0,0,0,0,0
2025-12-10,fenqile888,广东,31,9205,9205,26,26,0,0
2025-12-10,yuedaibao666,安徽,31,2602,2602,11,11,0,0
2025-12-10,weiqianbao555,江西,31,17175,17175,70,70,0,0
2025-12-10,yunshenghua888,云南,未触发黑名单部分,20790,0,1634,0,0,0
2025-12-10,xiaohuifu666,陕西,未触发黑名单部分,5954,0,380,0,0,0
2025-12-10,kaishi01,湖北,未触发黑名单部分,7,0,0,0,0,0
2025-12-10,jixianghua888,广东,31,6073,6073,9,9,0,0
2025-12-10,baotai52,江苏,未触发黑名单部分,11348,0,1266,0,0,0
2025-12-10,shuxunda01,山西,未触发黑名单部分,4014,0,457,0,0,0
2025-12-10,baotai10,海南,31,298,298,2,2,0,0
2025-12-10,yuedaibao666,湖南,未触发黑名单部分,36817,0,2159,0,0,0
2025-12-10,haofenqi888,重庆,未触发黑名单部分,15535,0,410,0,0,0
2025-12-10,weiqianbao661,上海,31,6839,6839,13,13,0,0
2025-12-10,jiuwuhua888,山东,31,7946,7946,27,27,0,0
2025-12-10,miduoduo888,江苏,31,115441,115441,452,452,0,0
2025-12-10,baotai18,山西,未触发黑名单部分,2801,0,345,0,0,0
2025-12-10,weiqianbao661,福建,31,16524,16524,97,97,0,0
2025-12-10,kaishi01,辽宁,未触发黑名单部分,5,0,3,0,0,0
2025-12-10,yuedaibao666,吉林,未触发黑名单部分,10290,0,699,0,0,0
2025-12-10,xinyongfei666,重庆,31,606,606,2,2,0,0
2025-12-10,jiuwuhua888,海南,31,2900,2900,8,8,0,0
2025-12-10,taoyirong999,黑龙江,未触发黑名单部分,15763,0,534,0,0,0
2025-12-10,haofenqi888,山西,未触发黑名单部分,44,0,0,0,0,0
2025-12-10,yuedaibao666,福建,31,3168,3168,27,27,0,0
2025-12-10,xiaohuifu666,陕西,31,173,173,1,1,0,0
2025-12-10,miduoduo888,吉林,31,27054,27054,69,69,0,0
2025-12-10,miduoduo888,重庆,31,37196,37196,62,62,0,0
2025-12-10,zhongandai666,广西,未触发黑名单部分,1889,0,157,0,0,0
2025-12-10,,上海,未触发黑名单部分,24,0,4,0,0,0
2025-12-10,baotai04,河南,未触发黑名单部分,114,0,1,0,0,0
2025-12-10,weiqianbao661,江苏,未触发黑名单部分,41729,0,2665,0,0,0
2025-12-10,jirong888,甘肃,未触发黑名单部分,16146,0,841,0,0,0
2025-12-10,yunshenghua888,湖北,31,42733,42733,146,146,0,0
2025-12-10,shuxunda01,未知,未触发黑名单部分,35,0,8,0,0,0
2025-12-10,baotai52,广东,31,826,826,8,8,0,0
2025-12-10,yuedaibao999,广东,未触发黑名单部分,366875,0,22174,0,1,0
2025-12-10,xinyongfei666,吉林,未触发黑名单部分,10675,0,702,0,0,0
2025-12-10,jirong888,重庆,未触发黑名单部分,16330,0,1162,0,0,0
2025-12-10,baotai04,广西,31,656,656,0,0,0,0
2025-12-10,weiqianbao661,安徽,未触发黑名单部分,27530,0,1803,0,0,0
2025-12-10,baotai04,安徽,未触发黑名单部分,8,0,4,0,0,0
2025-12-10,langshun06,山东,未触发黑名单部分,60868,0,4067,0,0,0
2025-12-10,meixin888,福建,31,10333,10333,25,25,0,0
2025-12-10,weiqianbao555,江苏,未触发黑名单部分,184354,0,8262,0,1,0
2025-12-10,jirong888,海南,31,831,831,3,3,0,0
2025-12-10,haozhouzhuan888,浙江,31,120461,120461,482,482,0,0
2025-12-10,weiqianbao888,山西,未触发黑名单部分,25495,0,1131,0,0,0
2025-12-10,weiqianbao333,内蒙古,未触发黑名单部分,12455,0,484,0,0,0
2025-12-10,weiqianbao888,上海,31,6913,6913,5,5,0,0
2025-12-10,langshun06,福建,31,1315,1315,5,5,0,0
2025-12-10,taoyirong999,内蒙古,31,6,6,0,0,0,0
2025-12-10,baotai04,浙江,31,1,1,0,0,0,0
2025-12-10,haofenqi888,浙江,未触发黑名单部分,17,0,1,0,0,0
2025-12-10,yuedaibao999,天津,31,14646,14646,63,63,0,0
2025-12-10,yuedaibao666,上海,31,1246,1246,7,7,0,0
2025-12-10,baotai10,江苏,31,14204,14204,152,152,0,0
2025-12-10,baotai18,天津,未触发黑名单部分,1131,0,91,0,0,0
2025-12-10,weiqianbao555,青海,31,2419,2419,11,11,0,0
2025-12-10,langshun06,浙江,未触发黑名单部分,74646,0,7351,0,2,0
2025-12-10,baotai52,陕西,31,453,453,4,4,0,0
2025-12-10,youqian888,江苏,31,14142,14142,86,86,0,0
2025-12-10,baotai18,浙江,未触发黑名单部分,3144,0,732,0,0,0
2025-12-10,miduoduo888,江苏,未触发黑名单部分,203069,0,9737,0,2,0
2025-12-10,jiuwuhua888,吉林,未触发黑名单部分,15169,0,881,0,0,0
2025-12-10,weiqianbao661,湖北,31,18377,18377,62,62,0,0
2025-12-10,meixin888,重庆,未触发黑名单部分,9088,0,684,0,1,0
2025-12-10,haozhouzhuan888,黑龙江,31,35396,35396,86,86,0,0
2025-12-10,miduoduo888,陕西,31,95317,95317,320,320,0,0
2025-12-10,yuedaibao999,上海,31,36372,36372,96,96,0,0
2025-12-10,youqian888,陕西,未触发黑名单部分,19465,0,1016,0,0,0
2025-12-10,weiqianbao661,陕西,未触发黑名单部分,32587,0,1787,0,2,0
2025-12-10,baotai52,湖南,未触发黑名单部分,7424,0,1176,0,0,0
2025-12-10,fenqile888,黑龙江,31,1469,1469,9,9,0,0
2025-12-10,miduoduo888,上海,31,38057,38057,62,62,0,0
2025-12-10,yunshenghua888,河北,未触发黑名单部分,30403,0,1654,0,0,0
2025-12-10,baotai10,甘肃,未触发黑名单部分,35046,0,2880,0,0,0
2025-12-10,haozhouzhuan888,河南,未触发黑名单部分,222093,0,4925,0,1,0
2025-12-10,weiqianbao888,天津,31,3340,3340,11,11,0,0
2025-12-10,meixin888,广东,31,44212,44212,85,85,0,0
2025-12-10,weiqianbao555,山西,未触发黑名单部分,127486,0,5964,0,0,0
2025-12-10,yuedaibao666,广东,未触发黑名单部分,71480,0,4597,0,0,0
2025-12-10,taoyirong999,云南,31,16546,16546,37,37,0,0
2025-12-10,jiuwuhua888,江西,未触发黑名单部分,42809,0,2845,0,0,0
2025-12-10,YSH,吉林,31,1,1,0,0,0,0
2025-12-10,langshun06,江苏,未触发黑名单部分,88278,0,5859,0,1,0
2025-12-10,langshun06,山西,未触发黑名单部分,14001,0,874,0,0,0
2025-12-10,fenqile888,四川,未触发黑名单部分,23408,0,670,0,0,0
2025-12-10,meixin888,四川,31,15666,15666,33,33,0,0
2025-12-10,zhongandai666,浙江,未触发黑名单部分,15788,0,1554,0,0,0
2025-12-10,weiqianbao555,宁夏,未触发黑名单部分,16871,0,994,0,0,0
2025-12-10,YSH,广东,未触发黑名单部分,263,0,3,0,0,0
2025-12-10,weiqianbao661,甘肃,未触发黑名单部分,23515,0,1244,0,0,0
2025-12-10,baotai04,山东,未触发黑名单部分,1,0,0,0,0,0
2025-12-10,xinyongfei666,河南,31,5155,5155,29,29,0,0
2025-12-10,jixianghua888,广西,31,1836,1836,1,1,0,0
2025-12-10,taoyirong666,内蒙古,未触发黑名单部分,4,0,0,0,0,0
2025-12-10,huirong888,重庆,未触发黑名单部分,9,0,2,0,0,0
2025-12-10,baotai04,贵州,31,1,1,0,0,0,0
2025-12-10,haofenqi888,海南,31,0,0,0,0,0,0
2025-12-10,meixin888,贵州,31,12369,12369,25,25,0,0
2025-12-10,YSH,贵州,31,123,123,3,3,0,0
2025-12-10,huirong888,黑龙江,未触发黑名单部分,4112,0,320,0,0,0
2025-12-10,kaishi01,河南,未触发黑名单部分,7,0,3,0,0,0
2025-12-10,,湖北,未触发黑名单部分,9,0,0,0,0,0
2025-12-10,yuedaibao666,山东,未触发黑名单部分,34483,0,2150,0,0,0
2025-12-10,weiqianbao661,甘肃,31,9654,9654,39,39,0,0
2025-12-10,baotai10,江西,未触发黑名单部分,56174,0,5165,0,0,0
2025-12-10,baotai18,重庆,未触发黑名单部分,2146,0,353,0,0,0
2025-12-10,langshun06,重庆,31,2259,2259,3,3,0,0
2025-12-10,langshun08,宁夏,31,146,146,2,2,0,0
2025-12-10,yunshenghua888,贵州,31,5,5,0,0,0,0
2025-12-10,meixin888,辽宁,未触发黑名单部分,11703,0,927,0,1,0
2025-12-10,jirong888,重庆,31,2075,2075,10,10,0,0
2025-12-10,zhongandai666,内蒙古,31,592,592,5,5,0,0
2025-12-10,yunshenghua888,贵州,未触发黑名单部分,11,0,1,0,0,0
2025-12-10,baotai04,云南,31,2,2,0,0,0,0
2025-12-10,langshun06,内蒙古,未触发黑名单部分,11723,0,808,0,0,0
2025-12-10,haozhouzhuan888,宁夏,31,6,6,0,0,0,0
2025-12-10,taoyirong999,江苏,未触发黑名单部分,108935,0,3883,0,1,0
2025-12-10,taoyirong666,山东,31,6796,6796,11,11,0,0
2025-12-10,langshun08,陕西,31,2503,2503,11,11,0,0
2025-12-10,baotai10,天津,未触发黑名单部分,18130,0,1438,0,0,0
2025-12-10,jiuwuhua888,河北,31,7447,7447,39,39,0,0
2025-12-10,jiuwuhua888,湖南,31,13264,13264,38,38,0,0
2025-12-10,yuedaibao999,湖南,31,89431,89431,371,371,0,0
2025-12-10,weiqianbao888,宁夏,31,2822,2822,15,15,0,0
2025-12-10,langshun08,内蒙古,未触发黑名单部分,5722,0,373,0,1,0
2025-12-10,jiuwuhua888,福建,31,6792,6792,24,24,0,0
2025-12-10,xinyongfei666,宁夏,未触发黑名单部分,4576,0,350,0,0,0
2025-12-10,fenqile888,海南,31,617,617,2,2,0,0
2025-12-10,YSH,重庆,31,0,0,0,0,0,0
2025-12-10,yuedaibao999,江苏,未触发黑名单部分,133910,0,7341,0,1,0
2025-12-10,weiqianbao555,安徽,31,40251,40251,113,113,0,0
2025-12-10,baotai18,黑龙江,未触发黑名单部分,1217,0,190,0,0,0
2025-12-10,huirong888,山西,31,4265,4265,24,24,0,0
2025-12-10,haofenqi888,青海,未触发黑名单部分,4692,0,156,0,0,0
2025-12-10,jirong888,贵州,31,1252,1252,3,3,0,0
2025-12-10,langshun08,江西,31,822,822,5,5,0,0
2025-12-10,xiaohuifu666,山西,31,165,165,1,1,0,0
